ticker;nome;data;close;mm200;mm50;stato;etichetta;distanza_pct;distanza_atr;dd_252;punteggio;vol_ratio;vol_ratio_5g;rsi14;atr_pct;slope_mm200_20g;ret_3m;ret_6m;ret_12m;mm50_sopra_mm200;sopra_weekly_mm40;giorni_da_incrocio_su;giorni_da_incrocio_giu;n_incroci_3a;candidato;flag_significativita;dettagli_punteggio;mm20;atr_percentile;slope_mm200_60g;mm10w_sopra_mm40;vol_weekly_ratio;slope_weekly_mm40;setup_settimanale;settimanale_ok;rs_rank_12m;score_validato;componenti_validati
A2A.MI;A2A;2026-10-02;2,244999885559082;2,29828116774559;2,303179998397827;SOTTO;ROTTURA RIBASSISTA;-2,3183100020252256;-1,3023946793101453;-13,63819879165905;43,0;0,7353217409024972;0,9339301460360054;41,252992194947;1,8222826104588645;0,4474850170032463;-3,316112844888075;-6,68404112033315;5,351338131022509;True;False;;4,0;19;False;vicino ai massimi a 12 mesi (contesto debole nella ricerca)| storia di whipsaw;MM200 piatta/stabilizzazione| MM50 sopra MM200| prezzo a ridosso della MM200| contesto di recovery intermedio (dd -14%)| molti incroci negli ultimi 3 anni (whipsaw);2,3106500029563906;44,800000000000004;0,6456906479793467;False;0,9348961743171614;0,5235046680999611;False;False;50,8;2;vicino ai max · MM200 su · MM50>200 · forza rel.
AMP.MI;Amplifon;2026-10-02;11,555000305175781;11,252547481060027;11,847300033569336;SOPRA;TREND RIALZISTA (già sopra);2,6878609010522636;0,9082771502854623;-24,491482877260406;61,0;0,9740744725802672;0,9678436147698399;46,78790554170772;2,8818362108726476;-1,2774049350372296;8,548612571908553;28,12974585859478;-19,932955731328107;True;True;45,0;;1;False;conferma settimanale| MM200 ancora in discesa (attenzione)| ★ deep recovery: il filtro con evidenza specifica;MM50 sopra MM200| distanza ridotta dalla MM200| RSI in zona costruttiva| rendimento 6 mesi positivo| volatilità compressa| rottura da deep recovery (dd -24%, filtro con evidenza);11,614500141143798;34,8;-5,450641934063983;True;0,971015772013547;-1,7075957638109651;False;False;20,8;2;recovery · MM50>200
AZM.MI;Azimut Holding;2026-10-02;37,880001068115234;35,15443097114563;38,38280014038086;SOPRA;TREND RIALZISTA (già sopra);7,7531338772250935;3,485008485683245;-5,252622556692577;38,0;1,3576147484120122;1,3500731316981756;42,66696876380597;2,06463617918786;1,748780144855977;5,603574563933944;15,003391610509453;21,473630720231117;True;True;129,0;;12;False;struttura settimanale allineata (manca il volume)| conferma settimanale| vicino ai massimi a 12 mesi (contesto debole nella ricerca)| storia di whipsaw;MM200 in salita| MM50 sopra MM200| distanza ridotta dalla MM200| rendimento 6 mesi positivo| volatilità compressa| volumi in media/ripresa| rottura vicino ai massimi (dd -5%, contesto debole)| molti incroci negli ultimi 3 anni (whipsaw);38,85949993133545;35,6;5,533535694052416;True;1,3874246756611297;1,5604519012787588;False;True;69,2;2;vicino ai max · MM200 su · MM50>200 · forza rel.
BC.MI;Brunello Cucinelli;2026-10-02;80,18000030517578;83,07747932434081;84,44440002441407;SOTTO;IN AVVICINAMENTO (sotto);-3,4876828747452127;-1,452170596509329;-20,488205238704793;57,0;0,8215562306385439;0,864928794689345;45,937656069103696;2,488494054069145;-1,3883636376545327;-2,1717896524892644;0,5462937033766879;-11,03910939502616;True;False;;21,0;18;True;★ deep recovery: il filtro con evidenza specifica| storia di whipsaw;MM50 sopra MM200| prezzo a ridosso della MM200| RSI in zona costruttiva| rendimento 6 mesi positivo| volatilità compressa| rottura da deep recovery (dd -20%, filtro con evidenza)| molti incroci negli ultimi 3 anni (whipsaw);79,42800064086914;12,4;-1,9537388898348884;True;0,8753750516051505;-2,01294578644996;False;False;30,0;2;recovery · MM50>200
BGN.MI;Banca Generali;2026-10-02;62,0;58,16305353164673;65,82399963378906;SOPRA;TREND RIALZISTA (già sopra);6,596879351022333;2,9502155376284223;-9,090905022983275;33,0;0,7408464991332777;0,6568194673108436;33,59581303363119;2,097685154566192;2,2752603055257836;-5,487802679662068;18,60096505550437;35,936282543974365;True;True;129,0;;6;False;struttura settimanale allineata (manca il volume)| conferma settimanale| vicino ai massimi a 12 mesi (contesto debole nella ricerca)| storia di whipsaw;MM200 in salita| MM50 sopra MM200| distanza ridotta dalla MM200| rendimento 6 mesi positivo| rottura vicino ai massimi (dd -9%, contesto debole)| molti incroci negli ultimi 3 anni (whipsaw);64,91249961853028;56,00000000000001;9,751197134978318;True;0,6558734087122499;1,8625619753897205;False;True;80,0;2;vicino ai max · MM200 su · MM50>200 · forza rel.
BMED.MI;Banca Mediolanum;2026-10-02;23,200000762939453;20,239844813346863;23,636399993896486;SOPRA;TREND RIALZISTA (già sopra);14,625388568397323;5,888172076415692;-4,995902168480426;57,0;1,4076703209642591;1,2631146720591766;46,540915138681115;2,1669360713297103;2,824042306972885;3,5252160683016287;29,704654488298466;45,46056181452198;True;True;131,0;;4;False;struttura settimanale allineata (manca il volume)| conferma settimanale| vicino ai massimi a 12 mesi (contesto debole nella ricerca);MM200 in salita| MM50 sopra MM200| distanza ridotta dalla MM200| RSI in zona costruttiva| rendimento 6 mesi positivo| volumi in media/ripresa| rottura vicino ai massimi (dd -5%, contesto debole);23,348999977111816;68,8;10,993870741513678;True;1,2498857631812677;2,5833570490717994;False;True;83,8;2;vicino ai max · MM200 su · MM50>200 · forza rel.
BMPS.MI;Banca Monte dei Paschi;2026-10-02;11,277999877929688;9,378149943351746;11,72347993850708;SOPRA;TREND RIALZISTA (già sopra);20,258259316111292;8,130029794386031;-6,297776320907444;53,0;1,1791096362198392;1,031564063606596;37,11609432443332;2,0720254028396066;4,865622945649695;1,3661645519286614;57,64368951477987;64,60224413824494;True;True;124,0;;2;False;struttura settimanale allineata (manca il volume)| conferma settimanale| vicino ai massimi a 12 mesi (contesto debole nella ricerca);MM200 in salita| MM50 sopra MM200| distanza ridotta dalla MM200| rendimento 6 mesi positivo| volatilità compressa| volumi in media/ripresa| rottura vicino ai massimi (dd -6%, contesto debole);11,760699939727782;25,6;17,240549547733774;True;1,0270049671532129;4,601061371546056;False;True;90,8;2;vicino ai max · MM200 su · MM50>200 · forza rel.
BPE.MI;BPER Banca;2026-10-02;13,501999855041504;12,471878304481507;14,248199958801269;SOPRA;TREND RIALZISTA (già sopra);8,25955421798692;3,305987479260503;-8,979370443784518;51,0;1,40673492718916;1,0621437300513799;34,52480874674865;2,3077521776713192;3,518815614903237;-3,4053501416900223;17,298668136986663;47,575674123971346;True;True;;;0;False;struttura settimanale allineata (manca il volume)| conferma settimanale| vicino ai massimi a 12 mesi (contesto debole nella ricerca);MM200 in salita| MM50 sopra MM200| distanza ridotta dalla MM200| rendimento 6 mesi positivo| volumi in media/ripresa| rottura vicino ai massimi (dd -9%, contesto debole);14,21929998397827;48,0;12,428294253802296;True;1,0424952012904627;2,9648374262283506;False;True;85,4;2;vicino ai max · MM200 su · MM50>200 · forza rel.
BRE.MI;Brembo;2026-10-02;9,84000015258789;9,770395460128784;10,170100059509277;IN_TRANSIZIONE;IN PROSSIMITÀ (sopra);0,7124040448838631;0,2798634063182772;-18,20448569405255;59,0;1,1387314018060668;0,7651456787362922;40,41725375950716;2,527535697145739;1,2338462034699793;-6,196374001073856;19,825721774291427;8,809475525696019;True;True;;;7;True;struttura settimanale allineata (manca il volume)| zona di indecisione ±1.0%| storia di whipsaw;MM200 in salita| MM50 sopra MM200| prezzo a ridosso della MM200| rendimento 6 mesi positivo| contesto di recovery intermedio (dd -18%)| molti incroci negli ultimi 3 anni (whipsaw);10,116250133514404;42,8;3,8315261050461125;True;0,7401192927853335;0,9916100630906088;False;True;56,9;3;MM200 su · MM50>200 · forza rel.
BZU.MI;Buzzi;2026-10-02;37,86000061035156;44,615145168304444;39,761800079345704;SOTTO;TREND RIBASSISTA (sotto);-15,140922510663223;-6,512776345615144;-29,42944403487695;21,0;0,8019080765653632;0,7551504648740138;44,20961288004034;2,7396044704312907;-2,833857333329093;-15,302013503004009;-18,133347961061098;-16,82320187325995;False;False;;75,0;13;False;★ deep recovery: il filtro con evidenza specifica| storia di whipsaw;distanza ridotta dalla MM200| volatilità compressa| rottura da deep recovery (dd -29%, filtro con evidenza)| molti incroci negli ultimi 3 anni (whipsaw);38,078499984741214;11,200000000000001;-5,799055138377895;False;0,7463358522517194;-2,910158714561384;False;False;24,6;1;recovery
CPR.MI;Campari;2026-10-02;6,035999774932861;5,871062924861908;5,896639986038208;SOPRA;TREND RIALZISTA (già sopra);2,8093183837717417;1,2371754300604725;-9,050870376171494;28,0;0,6891960453528813;1,022924267630393;55,84095040824;2,2087023582505267;0,4653409138144493;6,680802104488515;-7,708544572569409;8,655190400952861;True;True;14,0;;19;False;struttura settimanale allineata (manca il volume)| conferma settimanale| vicino ai massimi a 12 mesi (contesto debole nella ricerca)| storia di whipsaw;MM200 piatta/stabilizzazione| MM50 sopra MM200| distanza ridotta dalla MM200| RSI in zona costruttiva| volatilità compressa| volumi in media/ripresa| rottura vicino ai massimi (dd -9%, contesto debole)| molti incroci negli ultimi 3 anni (whipsaw);5,93369996547699;15,6;1,2204875206029753;True;1,0270636158629318;0,4207574461676966;False;True;56,2;2;vicino ai max · MM200 su · MM50>200 · forza rel.
DIA.MI;DiaSorin;2026-10-02;74,9000015258789;68,68018939971924;75,01200073242188;SOPRA;TREND RIALZISTA (già sopra);9,056195360732499;3,257447313998348;-5,524719123181621;41,0;1,0175177240663753;0,9194861506785322;46,05515626094921;2,549282942119098;2,3607823225994196;11,791047053550606;25,837563256579443;-3,26077434596056;True;True;70,0;;6;False;struttura settimanale allineata (manca il volume)| conferma settimanale| vicino ai massimi a 12 mesi (contesto debole nella ricerca)| storia di whipsaw;MM200 in salita| MM50 sopra MM200| distanza ridotta dalla MM200| RSI in zona costruttiva| rendimento 6 mesi positivo| volatilità compressa| rottura vicino ai massimi (dd -6%, contesto debole)| molti incroci negli ultimi 3 anni (whipsaw);75,90000114440917;33,2;2,8541510296711037;True;0,9213710384550775;1,914145914161125;False;True;37,7;1;vicino ai max · MM200 su · MM50>200
ENEL.MI;Enel;2026-10-02;8,798999786376953;9,324629664421082;9,31236000061035;SOTTO;TREND RIBASSISTA (sotto);-5,6370054035466355;-3,1583748503591256;-12,395459241578221;46,0;0,8380189576013215;1,0017810848978281;41,94906386558814;1,8913986017330218;0,5251991284632274;-10,89502577175968;-8,335214366216437;12,77120355962369;False;False;;22,0;1;False;vicino ai massimi a 12 mesi (contesto debole nella ricerca);MM200 piatta/stabilizzazione| prezzo a ridosso della MM200| volumi in media/ripresa| contesto di recovery intermedio (dd -12%);8,858200025558471;69,19999999999999;4,063371475122635;False;1,0027410845398264;0,6098191757505145;False;False;62,3;1;vicino ai max · MM200 su · forza rel.
ENI.MI;Eni;2026-10-02;24,190000534057617;21,12470606803894;23,48298183441162;SOPRA;TREND RIALZISTA (già sopra);14,510471559442806;5,839266535518941;-1,5866533395401006;39,0;0,848223227767661;0,9505174897646604;56,42452928685826;2,1700913904584023;4,139341598382473;19,316346309348397;5,318880726548847;70,64456820288609;True;True;339,0;;13;False;struttura settimanale allineata (manca il volume)| conferma settimanale| vicino ai massimi a 12 mesi (contesto debole nella ricerca)| storia di whipsaw;MM200 in salita| MM50 sopra MM200| distanza ridotta dalla MM200| RSI in zona costruttiva| rendimento 6 mesi positivo| rottura vicino ai massimi (dd -2%, contesto debole)| molti incroci negli ultimi 3 anni (whipsaw);23,85978946685791;52,800000000000004;13,151996545928002;True;0,9512079824235276;4,144586706162312;False;True;92,3;2;vicino ai max · MM200 su · MM50>200 · forza rel.
ERG.MI;ERG;2026-10-02;22,639999389648438;22,166393241882325;22,202799987792968;SOPRA;TREND RIALZISTA (già sopra);2,136595442470335;0,9854369061139752;-8,1168833179445;27,0;0,6855540488530422;0,7542963270012357;52,990543685522695;2,122814752908148;0,6963536343038479;-3,659577065325803;6,82753658340125;7,605169705584025;True;True;11,0;;15;False;struttura settimanale allineata (manca il volume)| conferma settimanale| vicino ai massimi a 12 mesi (contesto debole nella ricerca)| storia di whipsaw;MM200 piatta/stabilizzazione| MM50 sopra MM200| distanza ridotta dalla MM200| RSI in zona costruttiva| rendimento 6 mesi positivo| rottura vicino ai massimi (dd -8%, contesto debole)| molti incroci negli ultimi 3 anni (whipsaw);22,410999870300294;45,6;1,6092306569134962;True;0,7452858393557793;0,7679304903128736;False;True;54,6;2;vicino ai max · MM200 su · MM50>200 · forza rel.
FBK.MI;FinecoBank;2026-10-02;21,729999542236328;21,437178077697755;23,363600006103514;SOPRA;TREND RIALZISTA (già sopra);1,3659515421164947;0,5330234442777656;-12,024296068684315;63,0;2,1510924214026512;1,8069578027083864;38,878838186298445;2,5281153174548407;1,1809359742535275;-4,4415138040793884;9,222465273759894;22,905020821333967;True;True;126,0;;6;False;★ segnale settimanale supportato dalla ricerca| conferma settimanale| vicino ai massimi a 12 mesi (contesto debole nella ricerca)| storia di whipsaw;MM200 in salita| MM50 sopra MM200| distanza ridotta dalla MM200| rendimento 6 mesi positivo| volume 2.15x la media (partecipazione)| contesto di recovery intermedio (dd -12%)| molti incroci negli ultimi 3 anni (whipsaw)| segnale settimanale confermato (+10);22,546000003814697;76,4;6,229517965080111;True;1,8976224763427356;0,8745311021742808;True;True;70,8;2;vicino ai max · MM200 su · MM50>200 · forza rel.
FCT.MI;Fincantieri;2026-10-02;12,119999885559082;13,419360008239746;12,565500011444092;SOTTO;TREND RIBASSISTA (sotto);-9,682727953366122;-2,8369576991467333;-54,97771229119688;30,0;1,402186492201279;1,4565488495527044;47,288000249538236;3,7789753424516173;-3,9444081177097967;-3,0787702947497997;-13,335715530230319;-53,59877681414809;False;False;;178,0;7;False;★ deep recovery: il filtro con evidenza specifica| storia di whipsaw;distanza ridotta dalla MM200| RSI in zona costruttiva| volatilità compressa| volumi in media/ripresa| rottura da deep recovery (dd -55%, filtro con evidenza)| molti incroci negli ultimi 3 anni (whipsaw);12,252000045776366;26,400000000000002;-15,794863215447174;False;1,4560499077147877;-3,7102324934954356;False;False;3,8;1;recovery
G.MI;Assicurazioni Generali;2026-10-02;41,459999084472656;38,31748944282532;44,10340026855469;SOPRA;TREND RIALZISTA (già sopra);8,201240966834145;3,6560360753144274;-10,240311069204589;68,0;1,6580095390066396;1,4179770782679644;31,657800520822505;2,07317927304143;3,161302685559675;-2,3781542434666014;19,939573838637116;32,572511045940566;True;True;143,0;;2;False;struttura settimanale allineata (manca il volume)| conferma settimanale| vicino ai massimi a 12 mesi (contesto debole nella ricerca);MM200 in salita| MM50 sopra MM200| distanza ridotta dalla MM200| rendimento 6 mesi positivo| volume 1.66x la media (partecipazione)| contesto di recovery intermedio (dd -10%);44,23500003814697;88,8;10,238441628239482;True;1,4635144771920523;2,8193971222462144;False;True;78,5;2;vicino ai max · MM200 su · MM50>200 · forza rel.
HER.MI;Hera;2026-10-02;3,5339999198913574;3,829902330636978;3,7353600025177003;SOTTO;TREND RIBASSISTA (sotto);-7,726108532287479;-4,4483582377090825;-16,64776302537736;28,0;0,3512233801991874;0,5206796446392705;39,10970016968849;1,8822712691802475;-0,7519447735840901;-7,097791481762739;-10,93264662475406;-4,721846906203275;False;False;;26,0;9;False;storia di whipsaw;MM200 piatta/stabilizzazione| prezzo a ridosso della MM200| contesto di recovery intermedio (dd -17%)| molti incroci negli ultimi 3 anni (whipsaw);3,600499999523163;68,8;-0,30393136539882404;False;0,5103610351349508;-0,6657371112884669;False;False;35,4;0;
IG.MI;Italgas;2026-10-02;8,255999565124512;9,62155701637268;8,658439960479736;SOTTO;TREND RIBASSISTA (sotto);-14,192686785771214;-8,721141372456051;-22,949141880035164;42,0;0,7040869457529282;0,7702499809181268;39,14133628648512;1,8965617539762951;-0,7014144691139257;-18,780131863183147;-16,799170321641643;9,856887908270906;False;False;;47,0;1;False;★ deep recovery: il filtro con evidenza specifica;MM200 piatta/stabilizzazione| distanza ridotta dalla MM200| rottura da deep recovery (dd -23%, filtro con evidenza);8,346299886703491;41,199999999999996;1,233941656512183;False;0,7792267962458586;-0,5804308363121624;False;False;58,5;2;recovery · forza rel.
INW.MI;INWIT;2026-10-02;6,5;6,74941888332367;6,345900011062622;SOTTO;IN AVVICINAMENTO (sotto);-3,6954127108621004;-1,4129745185107714;-27,05801043036855;59,0;0,6912114909389911;0,749337872576218;53,979637834571335;2,7156990726479733;-0,913167412109317;-0,7633616683796363;-3,5954954944123707;-27,676156980892465;False;False;;244,0;3;True;★ deep recovery: il filtro con evidenza specifica;MM200 piatta/stabilizzazione| prezzo a ridosso della MM200| RSI in zona costruttiva| rottura da deep recovery (dd -27%, filtro con evidenza);6,45125002861023;59,599999999999994;-6,999384331780945;False;0,7225506928092965;-0,8723480461173994;False;False;13,8;1;recovery
IP.MI;Interpump Group;2026-10-02;35,439998626708984;37,663441524505615;36,1792000579834;SOTTO;TREND RIBASSISTA (sotto);-5,903451219002265;-2,6852348669443913;-29,78095812162359;53,0;0,6077582703638285;0,6072140698042515;46,77128505091413;2,3364151104201767;-2,1146483682188966;5,225648175729791;-1,8857230180228224;-11,357151928245957;False;False;;161,0;4;False;★ deep recovery: il filtro con evidenza specifica;prezzo a ridosso della MM200| RSI in zona costruttiva| volatilità compressa| rottura da deep recovery (dd -30%, filtro con evidenza);35,57299995422363;32,4;-4,557292249884471;False;0,5996404131344071;-2,6366394485685007;False;False;28,5;1;recovery
ISP.MI;Intesa Sanpaolo;2026-10-02;6,328000068664551;5,9268562126159665;6,725260009765625;SOPRA;TREND RIALZISTA (già sopra);6,768240052706287;3,1493365610812587;-8,515248862539638;53,0;2,1353845790903554;1,4437457656802726;31,000947628867053;2,0128647513630153;2,2092420829185055;1,6382948805180542;16,00194543175806;20,679146420145234;True;True;126,0;;2;False;struttura settimanale allineata (manca il volume)| conferma settimanale| vicino ai massimi a 12 mesi (contesto debole nella ricerca);MM200 in salita| MM50 sopra MM200| distanza ridotta dalla MM200| rendimento 6 mesi positivo| volume 2.14x la media (partecipazione)| rottura vicino ai massimi (dd -9%, contesto debole);6,689849996566773;57,99999999999999;7,541361788737078;True;1,4550881717326845;1,8545450158663046;False;True;68,5;2;vicino ai max · MM200 su · MM50>200 · forza rel.
IVG.MI;Iveco Group;2026-10-02;14,270000457763672;13,73238389492035;14,013900032043457;SOPRA;TREND RIALZISTA (già sopra);3,9149543659509067;11,73569914023748;-0,13995454263641127;51,0;1,2671823156471365;1,5311135340756397;80,60302265529573;0,32102561425516424;0,7688698036750097;2,367294744002413;5,421954345790425;10,997837263238551;True;True;433,0;;2;False;★ segnale settimanale supportato dalla ricerca| conferma settimanale| vicino ai massimi a 12 mesi (contesto debole nella ricerca);MM200 piatta/stabilizzazione| MM50 sopra MM200| distanza ridotta dalla MM200| rendimento 6 mesi positivo| volatilità compressa| volumi in media/ripresa| rottura vicino ai massimi (dd -0%, contesto debole)| segnale settimanale confermato (+10);14,125500059127807;39,2;2,323286126843538;True;1,6130241141228538;0,6868754246026398;True;True;60,8;2;vicino ai max · MM200 su · MM50>200 · forza rel.
LDO.MI;Leonardo;2026-10-02;47,38999938964844;53,90492080688477;53,21519989013672;SOTTO;TREND RIBASSISTA (sotto);-12,085949333969225;-4,995311599556023;-25,359766650059925;29,0;0,999829187022049;0,8277198079879632;30,181067245585908;2,7520726511489473;0,5787110423984609;-12,1268327063215;-16,772831573870604;-14,043340326059528;False;False;;25,0;19;False;★ deep recovery: il filtro con evidenza specifica| storia di whipsaw;MM200 piatta/stabilizzazione| distanza ridotta dalla MM200| volatilità compressa| rottura da deep recovery (dd -25%, filtro con evidenza)| molti incroci negli ultimi 3 anni (whipsaw);49,605499839782716;6,800000000000001;1,7533695701283714;False;0,820863495135373;0,23590583553356748;False;False;26,9;2;recovery · MM200 su
MB.MI;Mediobanca;2026-10-02;27,40999984741211;22,08696922779083;28,289999885559084;SOPRA;TREND RIALZISTA (già sopra);24,100321618248998;9,16855281148052;-5,6454369456788385;35,0;1,0686731982912165;0,9590820790029909;38,93289717062614;2,118113071322069;5,845913127852009;3,083864949675119;60,40675826016335;77,77949046571642;True;True;124,0;;10;False;struttura settimanale allineata (manca il volume)| conferma settimanale| vicino ai massimi a 12 mesi (contesto debole nella ricerca)| storia di whipsaw;MM200 in salita| MM50 sopra MM200| distanza ridotta dalla MM200| rendimento 6 mesi positivo| volatilità compressa| rottura vicino ai massimi (dd -6%, contesto debole)| molti incroci negli ultimi 3 anni (whipsaw);28,44799976348877;27,200000000000003;19,723447309946863;True;0,9365619826043726;5,7335731048248295;False;True;93,8;2;vicino ai max · MM200 su · MM50>200 · forza rel.
MONC.MI;Moncler;2026-10-02;43,70000076293945;50,40724403381348;46,68199981689453;SOTTO;TREND RIBASSISTA (sotto);-13,306109864635262;-5,716852708552527;-23,21310683363348;21,0;0,6710593678230892;0,7619815105458991;41,39720918672961;2,68476087899842;-2,1866878449443683;-14,781587747263503;-17,249893814668315;-11,83057439887174;False;False;;74,0;16;False;★ deep recovery: il filtro con evidenza specifica| storia di whipsaw;distanza ridotta dalla MM200| volatilità compressa| rottura da deep recovery (dd -23%, filtro con evidenza)| molti incroci negli ultimi 3 anni (whipsaw);44,20450000762939;26,8;-3,061073658801039;False;0,7258814314061364;-2,1834462561696966;False;False;27,7;1;recovery
NEXI.MI;Nexi;2026-10-02;4,045000076293945;3,5902865433692934;4,215299987792969;SOPRA;TREND RIALZISTA (già sopra);12,665104231427925;4,711130707765899;-12,131195902111669;50,0;0,6063301215931096;0,6392630057232924;40,774403795883025;2,3861304989222285;1,4358983501984168;9,206265671161828;31,882175132883294;-11,191703780135143;True;True;67,0;;13;False;struttura settimanale allineata (manca il volume)| conferma settimanale| vicino ai massimi a 12 mesi (contesto debole nella ricerca)| storia di whipsaw;MM200 in salita| MM50 sopra MM200| distanza ridotta dalla MM200| rendimento 6 mesi positivo| volatilità compressa| contesto di recovery intermedio (dd -12%)| molti incroci negli ultimi 3 anni (whipsaw);4,147900009155274;14,399999999999999;1,5256413905846422;True;0,6184172937037823;1,1747732589378224;False;True;29,2;1;vicino ai max · MM200 su · MM50>200
PIRC.MI;Pirelli;2026-10-02;6,570000171661377;6,067278246879578;6,537100009918213;SOPRA;TREND RIALZISTA (già sopra);8,285789843911484;3,776155238759793;-3,4533381720102008;41,0;0,17864436170767256;0,4119142737130833;53,357473902930394;2,0263413427968673;1,2831188531949644;-0,3293302174544488;11,13720139359804;13,04709012407761;True;True;94,0;;12;False;struttura settimanale allineata (manca il volume)| conferma settimanale| vicino ai massimi a 12 mesi (contesto debole nella ricerca)| storia di whipsaw;MM200 in salita| MM50 sopra MM200| distanza ridotta dalla MM200| RSI in zona costruttiva| rendimento 6 mesi positivo| volatilità compressa| rottura vicino ai massimi (dd -3%, contesto debole)| molti incroci negli ultimi 3 anni (whipsaw);6,464999985694885;38,0;4,182220777576462;True;0,4129454750304659;1,3630764846547017;False;True;63,1;2;vicino ai max · MM200 su · MM50>200 · forza rel.
PRY.MI;Prysmian;2026-10-02;129,8000030517578;119,12396297454833;123,41699966430664;SOPRA;TREND RIALZISTA (già sopra);8,962126351933474;2,2562932888140432;-17,272142701679094;69,0;1,1353845482285803;0,8818211027802126;58,6461731122062;3,6453559485020297;3,5412516246159598;-2,9895365536372065;13,710829819264635;50,307415031495985;True;True;321,0;;2;False;struttura settimanale allineata (manca il volume)| conferma settimanale;MM200 in salita| MM50 sopra MM200| distanza ridotta dalla MM200| RSI in zona costruttiva| rendimento 6 mesi positivo| contesto di recovery intermedio (dd -17%);124,3974998474121;40,8;10,94449386952916;True;0,8720752265584419;3,563056963302791;False;True;87,7;3;MM200 su · MM50>200 · forza rel.
PST.MI;Poste Italiane;2026-10-02;24,489999771118164;24,104125480651856;26,55179988861084;SOPRA;TREND RIALZISTA (già sopra);1,600864095965826;0,5788844055661682;-16,043881703583374;78,0;2,3658361252690123;2,5789172518314833;33,0929028580822;2,7218564224182784;2,512359217937843;-14,935745077000174;17,294322232658676;26,778046027617684;True;True;129,0;;2;False;★ segnale settimanale supportato dalla ricerca| conferma settimanale;MM200 in salita| MM50 sopra MM200| distanza ridotta dalla MM200| rendimento 6 mesi positivo| volume 2.37x la media (partecipazione)| contesto di recovery intermedio (dd -16%)| segnale settimanale confermato (+10);25,826999855041503;95,6;9,642112482263233;True;2,8477268770932045;2,321989320954354;True;True;74,6;3;MM200 su · MM50>200 · forza rel.
RACE.MI;Ferrari;2026-10-02;343,5;315,1451838684082;354,0789990234375;SOPRA;TREND RIALZISTA (già sopra);8,997382026765033;3,36023167992623;-17,499119345247305;41,0;0,838623989370967;1,0634609863678084;41,686777769642994;2,4565797753285707;0,8771132647351854;1,2229243618220087;14,827707043569681;-18,61999836311775;True;True;70,0;;10;False;struttura settimanale allineata (manca il volume)| conferma settimanale| storia di whipsaw;MM200 piatta/stabilizzazione| MM50 sopra MM200| distanza ridotta dalla MM200| rendimento 6 mesi positivo| volatilità compressa| volumi in media/ripresa| contesto di recovery intermedio (dd -17%)| molti incroci negli ultimi 3 anni (whipsaw);353,57749938964844;30,0;-0,056417045548906586;True;1,0918286737047709;1,0325003623873341;False;True;21,5;2;MM200 su · MM50>200
REC.MI;Recordati;2026-10-02;52,599998474121094;49,6564409828186;52,44300018310547;SOPRA;TREND RIALZISTA (già sopra);5,927846283468008;9,46407559822207;-1,2206601424955998;32,0;1,1696271939863137;1,4256079674210589;50,09581329107573;0,5913009683699635;0,8005746539774927;2,334624343616043;7,3576922786450005;0,6630334228065582;True;True;102,0;;14;False;struttura settimanale allineata (manca il volume)| conferma settimanale| vicino ai massimi a 12 mesi (contesto debole nella ricerca)| storia di whipsaw;MM200 piatta/stabilizzazione| MM50 sopra MM200| distanza ridotta dalla MM200| RSI in zona costruttiva| rendimento 6 mesi positivo| volatilità compressa| volumi in media/ripresa| rottura vicino ai massimi (dd -1%, contesto debole)| molti incroci negli ultimi 3 anni (whipsaw);52,575;10,8;1,4835814499827071;True;1,472968068507478;0,975150596252683;False;True;42,3;1;vicino ai max · MM200 su · MM50>200
SPM.MI;Saipem;2026-10-02;4,322000026702881;3,85561527967453;4,363140034675598;SOPRA;TREND RIALZISTA (già sopra);12,09624698519507;4,38852404280029;-10,350550968955641;56,0;0,5883704467795653;0,6845572478497208;47,250216925827964;2,458901270074181;5,636640655043301;-1,9509974096318938;8,773562138184655;79,07471747334074;True;True;355,0;;6;False;struttura settimanale allineata (manca il volume)| conferma settimanale| vicino ai massimi a 12 mesi (contesto debole nella ricerca)| storia di whipsaw;MM200 in salita| MM50 sopra MM200| distanza ridotta dalla MM200| RSI in zona costruttiva| rendimento 6 mesi positivo| volatilità compressa| contesto di recovery intermedio (dd -10%)| molti incroci negli ultimi 3 anni (whipsaw);4,325100016593933;16,8;19,342368412107902;True;0,6811685335383949;5,438873040292003;False;True;94,6;2;vicino ai max · MM200 su · MM50>200 · forza rel.
SRG.MI;Snam;2026-10-02;5,613999843597412;6,000737726688385;5,7224799919128415;SOTTO;TREND RIBASSISTA (sotto);-6,444838963231958;-4,247381910521336;-15,150990363022599;49,0;0,9679633968466176;0,8031663868100669;48,201373759839214;1,62189601375002;0,3034776078256751;-10,176002502441406;-13,525141725898004;16,78498673431157;False;False;;42,0;5;False;;MM200 piatta/stabilizzazione| prezzo a ridosso della MM200| RSI in zona costruttiva| contesto di recovery intermedio (dd -15%);5,5643000364303585;55,60000000000001;3,2610184582691604;False;0,7949731428622885;0,36912354530131974;False;False;66,9;2;MM200 su · forza rel.
STLAM.MI;Stellantis;2026-10-02;3,882499933242798;6,1550849914550785;4,547480030059814;SOTTO;TREND RIBASSISTA (sotto);-36,92207437212066;-13,949166611773796;-62,71845498160693;10,0;1,5152162531148448;1,1198059003706444;31,925339123390273;4,196241054291542;-7,806115325791485;-22,092907990952583;-42,17307412729535;-56,9567656739855;False;False;;182,0;6;False;★ deep recovery: il filtro con evidenza specifica| storia di whipsaw;volume 1.52x la media (partecipazione)| rottura da deep recovery (dd -63%, filtro con evidenza)| molti incroci negli ultimi 3 anni (whipsaw);4,271400046348572;52,0;-17,801998457330427;False;1,1537731096365036;-8,678891606568095;False;False;3,1;1;recovery
STMMI.MI;STMicroelectronics;2026-10-02;50,349998474121094;41,7220697593689;44,995563735961916;SOPRA;TREND RIALZISTA (già sopra);20,67953187488918;4,763055484351227;-27,246492836626945;71,0;1,6309683947335436;0,9815640861443237;67,03762721479197;3,597671003939896;6,218987688612598;-13,546002196499241;56,77703024291327;105,02068815542427;True;True;192,0;;7;False;struttura settimanale allineata (manca il volume)| conferma settimanale| ★ deep recovery: il filtro con evidenza specifica| storia di whipsaw;MM200 in salita| MM50 sopra MM200| distanza ridotta dalla MM200| RSI in zona costruttiva| rendimento 6 mesi positivo| volatilità compressa| volume 1.63x la media (partecipazione)| rottura da deep recovery (dd -27%, filtro con evidenza)| molti incroci negli ultimi 3 anni (whipsaw);45,01577243804932;24,4;21,703451361850213;True;0,9471960905978043;5,9776709040434195;False;True;96,9;4;recovery · MM200 su · MM50>200 · forza rel.
TEN.MI;Tenaris;2026-10-02;24,739999771118164;23,220345554351805;23,997199897766112;SOPRA;TREND RIALZISTA (già sopra);6,5444944099100955;2,740999622828572;-10,653668133054273;56,0;0,7015416964477676;0,7340740397159289;55,31052665628102;2,240970360166487;3,407145341893969;5,546071704101241;1,1170922298804564;66,41435720489399;True;True;235,0;;9;False;struttura settimanale allineata (manca il volume)| conferma settimanale| vicino ai massimi a 12 mesi (contesto debole nella ricerca)| storia di whipsaw;MM200 in salita| MM50 sopra MM200| distanza ridotta dalla MM200| RSI in zona costruttiva| rendimento 6 mesi positivo| volatilità compressa| contesto di recovery intermedio (dd -11%)| molti incroci negli ultimi 3 anni (whipsaw);24,507999992370607;35,199999999999996;11,874233352033281;True;0,7263318544371155;3,5899660880944984;False;True;91,5;2;vicino ai max · MM200 su · MM50>200 · forza rel.
TIT.MI;Telecom Italia;2026-10-02;6,410999774932861;6,839314994812011;7,502479963302612;SOTTO;ROTTURA RIBASSISTA;-6,262545594172075;-1,9931770168697027;-21,231111647504907;74,0;3,0306452049355945;3,08452463770494;21,192001288056673;3,3519063378665317;3,7024260692405164;-19,862502813339233;0,6436403471015373;32,98070199211305;True;False;;2,0;8;False;★ deep recovery: il filtro con evidenza specifica| storia di whipsaw;MM200 in salita| MM50 sopra MM200| prezzo a ridosso della MM200| rendimento 6 mesi positivo| volume 3.03x la media (partecipazione)| rottura da deep recovery (dd -21%, filtro con evidenza)| molti incroci negli ultimi 3 anni (whipsaw);7,366949963569641;90,4;13,21073114741884;True;3,4973252782850524;3,347235947296956;False;False;79,2;4;recovery · MM200 su · MM50>200 · forza rel.
TRN.MI;Terna;2026-10-02;9,154000282287598;9,613824348449707;9,613200073242188;SOTTO;TREND RIBASSISTA (sotto);-4,782946406091348;-2,9896917015960343;-11,72612937985511;46,0;0,983906334854994;1,0192677414807743;37,613621625835634;1,6801744261993852;0,5460119484611781;-10,561791994632962;-6,454713593689176;10,888705974093483;False;False;;20,0;1;False;vicino ai massimi a 12 mesi (contesto debole nella ricerca);MM200 piatta/stabilizzazione| prezzo a ridosso della MM200| volumi in media/ripresa| contesto di recovery intermedio (dd -12%);9,235100078582764;68,0;3,689219479989747;False;1,0257061713529119;0,5277094339172672;False;False;59,2;1;vicino ai max · MM200 su · forza rel.
UCG.MI;UniCredit;2026-10-02;78,8499984741211;74,1098295211792;83,51119979858399;SOPRA;TREND RIALZISTA (già sopra);6,3961406787304;2,4298289341396657;-8,4735959633906;53,0;1,8238879179165108;1,2609270571431563;35,8492670970098;2,474095349084058;2,739273208219828;-4,087094815436121;20,002807605522378;29,486765791753133;True;True;126,0;;2;False;struttura settimanale allineata (manca il volume)| conferma settimanale| vicino ai massimi a 12 mesi (contesto debole nella ricerca);MM200 in salita| MM50 sopra MM200| distanza ridotta dalla MM200| rendimento 6 mesi positivo| volume 1.82x la media (partecipazione)| rottura vicino ai massimi (dd -8%, contesto debole);83,12550010681153;65,2;9,536742073903648;True;1,250736641161306;2,1676456076376915;False;True;76,2;2;vicino ai max · MM200 su · MM50>200 · forza rel.
UNI.MI;Unipol;2026-10-02;25,790000915527344;22,670689964294432;27,87760009765625;SOPRA;TREND RIALZISTA (già sopra);13,759223720785396;5,08672236076996;-11,768726242155104;66,0;1,2459031605115907;1,0099602566985744;30,859064587629348;2,377766907090519;4,174729031404945;-0,1934954983177084;27,768140504825123;48,2724089863156;True;True;;;0;False;struttura settimanale allineata (manca il volume)| conferma settimanale| vicino ai massimi a 12 mesi (contesto debole nella ricerca);MM200 in salita| MM50 sopra MM200| distanza ridotta dalla MM200| rendimento 6 mesi positivo| volumi in media/ripresa| contesto di recovery intermedio (dd -12%);27,498000049591063;74,4;14,588847998504196;True;1,0075752690337232;3,7805984495726586;False;True;86,2;2;vicino ai max · MM200 su · MM50>200 · forza rel.
TGYM.MI;Technogym;2026-10-02;12,930000305175781;16,30879012107849;13,118200035095215;SOTTO;TREND RIBASSISTA (sotto);-20,717599471316717;-9,657763255351373;-39,555252952357655;29,0;0,8222224088107992;1,0382420384369024;47,669327333237966;2,7057401505762515;-1,7745801097519887;-15,710559474835062;-31,037893815932694;-9,082412255005078;False;False;;74,0;3;False;★ deep recovery: il filtro con evidenza specifica;RSI in zona costruttiva| volumi in media/ripresa| rottura da deep recovery (dd -40%, filtro con evidenza);12,83100004196167;48,4;-2,910734630492662;False;1,040336679366447;-1,8613488264194622;False;False;30,8;1;recovery
WBD.MI;Webuild;2026-10-02;1,9299999475479126;2,579090753793716;2,131300001144409;SOTTO;TREND RIBASSISTA (sotto);-25,16742791198886;-10,59196074244482;-45,56536625939014;5,0;0,37553391014224446;0,5133247206493918;38,4670257058125;3,175205207403684;-4,714519013385232;-13,063066546168633;-22,478301124106824;-42,81550715045769;False;False;;163,0;11;False;★ deep recovery: il filtro con evidenza specifica| storia di whipsaw;rottura da deep recovery (dd -46%, filtro con evidenza)| molti incroci negli ultimi 3 anni (whipsaw);1,9816500067710876;57,199999999999996;-11,922292336213635;False;0,511609568634071;-5,1212502940364395;False;False;7,7;1;recovery
SL.MI;Sanlorenzo;2026-10-02;35,720001220703125;34,56744167327881;37,98519989013672;SOPRA;TREND RIALZISTA (già sopra);3,334234446153017;1,322901509431715;-10,431293219643623;50,0;0,7587354103241625;0,6876673741348043;32,51793370780912;2,439070736135848;2,4796092496339295;-5,251988069408064;12,985935798279002;4,319394942464805;True;True;126,0;;11;False;struttura settimanale allineata (manca il volume)| conferma settimanale| vicino ai massimi a 12 mesi (contesto debole nella ricerca)| storia di whipsaw;MM200 in salita| MM50 sopra MM200| distanza ridotta dalla MM200| rendimento 6 mesi positivo| volatilità compressa| contesto di recovery intermedio (dd -10%)| molti incroci negli ultimi 3 anni (whipsaw);37,17700004577637;15,6;6,16849782743949;True;0,6719783351975593;2,2665418891710587;False;True;49,2;1;vicino ai max · MM200 su · MM50>200
PIA.MI;Piaggio;2026-10-02;1,8799999952316284;1,721975359916687;1,9186124563217164;SOPRA;TREND RIALZISTA (già sopra);9,176939403046225;3,9547930122574524;-7,103733431853532;23,0;0,5215241171673816;0,4718401299685008;43,968002040893076;2,12541230438838;0,6473401942432622;12,359733641041814;20,39541216536542;-7,192798333227801;True;True;61,0;;7;False;struttura settimanale allineata (manca il volume)| conferma settimanale| vicino ai massimi a 12 mesi (contesto debole nella ricerca)| storia di whipsaw;MM200 piatta/stabilizzazione| MM50 sopra MM200| distanza ridotta dalla MM200| rendimento 6 mesi positivo| volatilità compressa| rottura vicino ai massimi (dd -7%, contesto debole)| molti incroci negli ultimi 3 anni (whipsaw);1,8998509049415588;24,8;0,6062256251504916;True;0,45744183890255324;0,5645677310652575;False;True;32,3;1;vicino ai max · MM200 su · MM50>200
ACE.MI;Acea;2026-10-02;19,959999084472656;21,664261751174926;20,695199966430664;SOTTO;TREND RIBASSISTA (sotto);-7,8667008655849635;-4,548147726946501;-20,352820179967456;55,0;0,5785643171479543;0,8003698895491009;42,87019455827592;1,8773335911652638;-0,5017188074227241;-7,678083674022663;-8,67859747729659;4,147949015137531;False;False;;46,0;5;False;★ deep recovery: il filtro con evidenza specifica;MM200 piatta/stabilizzazione| prezzo a ridosso della MM200| volatilità compressa| rottura da deep recovery (dd -20%, filtro con evidenza);20,046000003814697;20,0;0,9178682528035997;False;0,7743183865053832;-0,37908837682906205;False;False;48,5;1;recovery
ANIM.MI;Anima Holding;2026-10-02;7,25;6,673116230964661;7,064599990844727;SOPRA;TREND RIALZISTA (già sopra);8,644893166381195;4,274417926679582;-1,3605429378242606;54,0;2,051709119527611;2,025826225595917;62,6623322988343;1,8615441073907377;2,181790946515161;1,6830278209398308;15,485727619195778;27,147164334323403;True;True;187,0;;6;False;★ segnale settimanale supportato dalla ricerca| conferma settimanale| vicino ai massimi a 12 mesi (contesto debole nella ricerca)| storia di whipsaw;MM200 in salita| MM50 sopra MM200| distanza ridotta dalla MM200| RSI in zona costruttiva| rendimento 6 mesi positivo| volume 2.05x la media (partecipazione)| rottura vicino ai massimi (dd -1%, contesto debole)| molti incroci negli ultimi 3 anni (whipsaw)| segnale settimanale confermato (+10);7,047499966621399;57,199999999999996;6,774879146073065;True;2,1946902973772207;2,264597004747504;True;True;75,4;2;vicino ai max · MM200 su · MM50>200 · forza rel.
ASC.MI;Ascopiave;2026-10-02;2,6500000953674316;3,0885782659053804;2,7505000114440916;SOTTO;TREND RIBASSISTA (sotto);-14,200001838366394;-7,51212377056487;-28,463231109225763;37,0;1,4631702744218202;1,5264752380200424;43,207314496493524;2,203121188203759;-1,2679781726687045;-13,114749613195166;-20,05919768963014;-8,225856631970274;False;False;;106,0;1;False;★ deep recovery: il filtro con evidenza specifica;distanza ridotta dalla MM200| volumi in media/ripresa| rottura da deep recovery (dd -28%, filtro con evidenza);2,6825000166893007;51,2;-2,2272887328863344;False;1,6385939863441665;-1,2236050072330418;False;False;31,5;1;recovery
BFF.MI;BFF Bank;2026-10-02;2,3420000076293945;3,7680750036239625;3,0054000091552733;SOTTO;TREND RIBASSISTA (sotto);-37,846247609801665;-11,39190662000857;-79,58151740971087;29,0;1,8090337526983427;1,4240499205158001;21,89100466938963;5,34513965540839;-16,55169130912456;-26,90386983714761;38,08962472198263;-78,31481512714642;False;False;;204,0;3;False;★ deep recovery: il filtro con evidenza specifica;rendimento 6 mesi positivo| volume 1.81x la media (partecipazione)| rottura da deep recovery (dd -80%, filtro con evidenza);2,870900011062622;58,4;-37,52466298444016;False;1,4953417180309527;-15,89105059681567;False;False;0,8;1;recovery
BDB.MI;Banco di Desio e Brianza;2026-10-02;16,799999237060547;11,593856909275054;17,378399906158446;SOPRA;TREND RIALZISTA (già sopra);44,90431759271234;6,844375208155237;-11,85729429279444;63,0;0,9851087583217986;0,8698161967422934;40,23355758532945;4,527651230703042;9,060023095682524;18,81187290772526;96,29930165621249;130,07395547547466;True;True;293,0;;2;False;struttura settimanale allineata (manca il volume)| conferma settimanale| vicino ai massimi a 12 mesi (contesto debole nella ricerca);MM200 in salita| MM50 sopra MM200| distanza ridotta dalla MM200| rendimento 6 mesi positivo| contesto di recovery intermedio (dd -12%);18,03299970626831;97,2;31,43487058138743;True;0,85891609975927;8,50911400535368;False;True;98,5;2;vicino ai max · MM200 su · MM50>200 · forza rel.
CALT.MI;Caltagirone;2026-10-02;9,4399995803833;9,502628769874573;10,010999984741211;IN_TRANSIZIONE;IN PROSSIMITÀ (sotto);-0,6590722526151893;-0,2686807415819495;-11,94030461531208;76,0;0,6332375345221432;0,5361712887432731;35,58385055021215;2,4692682829347605;1,264484373972885;-6,534661150085864;9,650774513179282;15,901647214208104;True;False;;;4;True;zona di indecisione ±1.0%| vicino ai massimi a 12 mesi (contesto debole nella ricerca);MM200 in salita| MM50 sopra MM200| prezzo a ridosso della MM200| rendimento 6 mesi positivo| volatilità compressa| contesto di recovery intermedio (dd -12%);9,788000011444092;18,4;4,678561051189534;True;0,5415796917802816;1,1605631539225447;False;False;66,2;2;vicino ai max · MM200 su · MM50>200 · forza rel.
CRL.MI;Carel Industries;2026-10-02;28,549999237060547;25,9555348110199;27,281000061035158;SOPRA;TREND RIALZISTA (già sopra);9,995804150947873;3,044923708888028;-12,117022913043629;56,0;0,8260559982110702;0,7200339265438871;58,66530901969008;2,984456158380354;1,1597905584308066;-1,211074000310064;17,05798289005884;24,946666690039244;True;True;11,0;;19;False;struttura settimanale allineata (manca il volume)| conferma settimanale| vicino ai massimi a 12 mesi (contesto debole nella ricerca)| storia di whipsaw;MM200 in salita| MM50 sopra MM200| distanza ridotta dalla MM200| RSI in zona costruttiva| rendimento 6 mesi positivo| volatilità compressa| contesto di recovery intermedio (dd -12%)| molti incroci negli ultimi 3 anni (whipsaw);27,42750005722046;20,0;5,343476641912348;True;0,7221997615947094;1,1804159174723772;False;True;72,3;2;vicino ai max · MM200 su · MM50>200 · forza rel.
CMB.MI;Cembre;2026-10-02;84,30000305175781;77,76328765869141;82,96000091552735;SOPRA;TREND RIALZISTA (già sopra);8,405914397236526;2,56749270200156;-12,132581919369212;54,0;0,6640457781854715;0,5938025014476025;51,07482750871229;3,020110047363682;2,4104139707091354;2,930404738906578;19,597329093249026;53,49389385924126;True;True;133,0;;8;False;struttura settimanale allineata (manca il volume)| conferma settimanale| vicino ai massimi a 12 mesi (contesto debole nella ricerca)| storia di whipsaw;MM200 in salita| MM50 sopra MM200| distanza ridotta dalla MM200| RSI in zona costruttiva| rendimento 6 mesi positivo| contesto di recovery intermedio (dd -12%)| molti incroci negli ultimi 3 anni (whipsaw);84,11000137329101;54,0;9,599871343517318;True;0,5807330050120144;2,1884323105693992;False;True;89,2;2;vicino ai max · MM200 su · MM50>200 · forza rel.
CEM.MI;Cementir Holding;2026-10-02;13,199999809265137;15,480257802009582;14,309800033569337;SOTTO;TREND RIBASSISTA (sotto);-14,730103477013357;-6,996786727890621;-33,40894898240975;21,0;0,4044270008472922;0,5522832617596384;32,28690023991204;2,4689450578745697;-2,088079131728593;-10,93117354195935;-18,225062643374336;-4,903476142294084;False;False;;78,0;11;False;★ deep recovery: il filtro con evidenza specifica| storia di whipsaw;distanza ridotta dalla MM200| volatilità compressa| rottura da deep recovery (dd -33%, filtro con evidenza)| molti incroci negli ultimi 3 anni (whipsaw);13,676500034332275;6,800000000000001;-2,3542373624750423;False;0,5296418208487846;-2,835663398835553;False;False;34,6;1;recovery
CIR.MI;CIR;2026-10-02;0,7559999823570251;0,7107699999213218;0,7401799976825714;SOPRA;TREND RIALZISTA (già sopra);6,363518781140165;2,2177739605348554;-4,303802300905213;30,0;0,9928203786752168;1,3726829122289963;48,516484968660485;2,697660877785743;0,8477641531936753;-0,5263168626875259;8,154503766177879;14,199393023033235;True;True;80,0;;12;False;struttura settimanale allineata (manca il volume)| conferma settimanale| vicino ai massimi a 12 mesi (contesto debole nella ricerca)| storia di whipsaw;MM200 piatta/stabilizzazione| MM50 sopra MM200| distanza ridotta dalla MM200| RSI in zona costruttiva| rendimento 6 mesi positivo| volumi in media/ripresa| rottura vicino ai massimi (dd -4%, contesto debole)| molti incroci negli ultimi 3 anni (whipsaw);0,766199991106987;70,39999999999999;2,647160815673044;True;1,4211820296797137;0,852765285593371;False;True;64,6;2;vicino ai max · MM200 su · MM50>200 · forza rel.
CE.MI;Credito Emiliano;2026-10-02;20,600000381469727;16,58662823200226;20,515599937438964;SOPRA;TREND RIALZISTA (già sopra);24,196431567231148;9,417707708898496;-3,6482638443139592;69,0;2,2472393978927485;1,6971075037001917;45,473282179664395;2,0686975341040412;4,435326952018359;16,187258394431957;41,918101982751566;55,70151642113799;True;True;;;0;False;★ segnale settimanale supportato dalla ricerca| conferma settimanale| vicino ai massimi a 12 mesi (contesto debole nella ricerca);MM200 in salita| MM50 sopra MM200| distanza ridotta dalla MM200| RSI in zona costruttiva| rendimento 6 mesi positivo| volume 2.25x la media (partecipazione)| rottura vicino ai massimi (dd -4%, contesto debole)| segnale settimanale confermato (+10);20,940999889373778;65,2;14,335192472299285;True;1,7541289744183814;4,192154471897491;True;True;90,0;2;vicino ai max · MM200 su · MM50>200 · forza rel.
DAN.MI;Danieli & C.;2026-10-02;48,779998779296875;63,90494998931885;61,20079986572266;SOTTO;TREND RIBASSISTA (sotto);-23,667886779584336;-6,86279003847562;-35,900131724857765;43,0;1,4989833089565305;3,56369286437517;28,248810382704278;4,518054704753725;1,1516758543176575;-30,512819230943954;-24,3720949158188;6,648620819617612;False;False;;21,0;5;False;★ deep recovery: il filtro con evidenza specifica;MM200 in salita| volumi in media/ripresa| rottura da deep recovery (dd -36%, filtro con evidenza);55,32949981689453;96,39999999999999;7,916187394118568;False;4,446387224595995;0,8693089214606653;False;False;52,3;3;recovery · MM200 su · forza rel.
DIS.MI;d'Amico International;2026-10-02;8,765000343322754;7,132195830345154;7,604300022125244;SOPRA;TREND RIALZISTA (già sopra);22,89343354862121;4,181459200794196;-3,9452017170109155;59,0;1,638262748757586;1,385221964463847;70,61699144526898;4,455068550790539;4,3882122038787275;21,567271802337306;12,266727823908674;112,02850818127405;True;True;299,0;;4;False;struttura settimanale allineata (manca il volume)| conferma settimanale| vicino ai massimi a 12 mesi (contesto debole nella ricerca);MM200 in salita| MM50 sopra MM200| distanza ridotta dalla MM200| RSI in zona costruttiva| rendimento 6 mesi positivo| volume 1.64x la media (partecipazione)| rottura vicino ai massimi (dd -4%, contesto debole);8,042499995231628;66,8;14,888741370203928;True;1,4500322524813674;4,797548915881311;False;True;97,7;2;vicino ai max · MM200 su · MM50>200 · forza rel.
DLG.MI;De'Longhi;2026-10-02;39,279998779296875;36,619614143371585;40,1431999206543;SOPRA;TREND RIALZISTA (già sopra);7,264917171189911;3,2942495850673152;-7,183367054464174;44,0;1,1208694714884075;1,1387409560464858;46,45398839726645;2,0559685430525896;1,0750500829999288;2,935007694872205;20,17420272237269;23,800140211225763;True;True;126,0;;18;False;struttura settimanale allineata (manca il volume)| conferma settimanale| vicino ai massimi a 12 mesi (contesto debole nella ricerca)| storia di whipsaw;MM200 in salita| MM50 sopra MM200| distanza ridotta dalla MM200| RSI in zona costruttiva| rendimento 6 mesi positivo| volatilità compressa| volumi in media/ripresa| rottura vicino ai massimi (dd -7%, contesto debole)| molti incroci negli ultimi 3 anni (whipsaw);39,48599987030029;9,2;6,854829558561337;True;1,1351081929321916;0,8868012481646481;False;True;71,5;2;vicino ai max · MM200 su · MM50>200 · forza rel.
ELN.MI;El.En.;2026-10-02;16,270000457763672;14,604619402885437;15,642800102233887;SOPRA;TREND RIALZISTA (già sopra);11,403111638425889;3,481585508345836;-6,922191740045392;42,0;0,864423520652646;1,108232272552174;58,300708648251074;2,9400112262095335;2,3613227367413003;-1,9879513019435024;29,55434854833228;41,28173663509891;True;True;129,0;;12;False;struttura settimanale allineata (manca il volume)| conferma settimanale| vicino ai massimi a 12 mesi (contesto debole nella ricerca)| storia di whipsaw;MM200 in salita| MM50 sopra MM200| distanza ridotta dalla MM200| RSI in zona costruttiva| rendimento 6 mesi positivo| volumi in media/ripresa| rottura vicino ai massimi (dd -7%, contesto debole)| molti incroci negli ultimi 3 anni (whipsaw);15,898000144958496;54,400000000000006;9,171767987092716;True;1,1282926111737621;2,026071564956111;False;True;82,3;2;vicino ai max · MM200 su · MM50>200 · forza rel.
ENV.MI;ENAV;2026-10-02;5,099999904632568;4,464012135267257;5,045999946594239;SOPRA;TREND RIALZISTA (già sopra);14,246999114110492;3,604984317412446;-5,555558989567954;42,0;0,32188276567753255;1,0275517731150021;47,445150654366245;3,459196366509512;3,5671619830349277;10,869565442739692;23,652456187122993;22,518031802870997;True;True;192,0;;8;False;struttura settimanale allineata (manca il volume)| conferma settimanale| vicino ai massimi a 12 mesi (contesto debole nella ricerca)| storia di whipsaw;MM200 in salita| MM50 sopra MM200| distanza ridotta dalla MM200| RSI in zona costruttiva| rendimento 6 mesi positivo| volumi in media/ripresa| rottura vicino ai massimi (dd -6%, contesto debole)| molti incroci negli ultimi 3 anni (whipsaw);5,197999954223633;70,39999999999999;6,46540628776926;True;0,9718454983430338;3,5347772560643254;False;True;70,0;2;vicino ai max · MM200 su · MM50>200 · forza rel.
FM.MI;Fiera Milano;2026-10-02;7,119999885559082;7,776232452392578;7,922000007629395;SOTTO;TREND RIBASSISTA (sotto);-8,438952549979229;-2,7321159824465022;-21,75824629570903;62,0;1,642926691465997;0,996120899395122;28,762888916423407;3,3734840473600225;-0,19899066564840195;-21,75824629570903;-6,006759556697672;0,1399383107180352;True;False;;17,0;3;False;★ deep recovery: il filtro con evidenza specifica;MM200 piatta/stabilizzazione| MM50 sopra MM200| distanza ridotta dalla MM200| volume 1.64x la media (partecipazione)| rottura da deep recovery (dd -22%, filtro con evidenza);7,557999968528748;56,8;2,1154970543893814;True;1,0040025025150978;-0,08067401848467215;False;False;40,8;2;recovery · MM50>200
GHC.MI;Garofalo Health Care;2026-10-02;5,300000190734863;5,275365965366364;5,5391999530792235;IN_TRANSIZIONE;IN PROSSIMITÀ (sopra);0,46696713612339735;0,280926504272012;-8,091543416094638;34,0;0,9525223096791569;0,8858510312154488;37,217320700881665;1,654513480468955;-0,028896053361615603;-2,930400115279308;15,27834172855087;7,6851517244787;True;True;;;12;False;zona di indecisione ±1.0%| vicino ai massimi a 12 mesi (contesto debole nella ricerca)| storia di whipsaw;MM200 piatta/stabilizzazione| MM50 sopra MM200| prezzo a ridosso della MM200| rendimento 6 mesi positivo| volatilità compressa| rottura vicino ai massimi (dd -8%, contesto debole)| molti incroci negli ultimi 3 anni (whipsaw);5,381000089645386;13,600000000000001;2,11655380268323;True;0,7856807293569747;-0,10041378338937479;False;False;55,4;1;vicino ai max · MM50>200 · forza rel.
GVS.MI;GVS;2026-10-02;5,050000190734863;4,25557499051094;4,740100021362305;SOPRA;TREND RIALZISTA (già sopra);18,667869841216024;4,748303669529406;-5,075187447638663;52,0;1,0038228396478286;2,5005444947286444;59,040927863272785;3,313012937743586;2,2292821475832003;17,71562320838718;33,06983107274411;1,2024132739239413;True;True;101,0;;16;False;★ segnale settimanale supportato dalla ricerca| conferma settimanale| vicino ai massimi a 12 mesi (contesto debole nella ricerca)| storia di whipsaw;MM200 in salita| MM50 sopra MM200| distanza ridotta dalla MM200| RSI in zona costruttiva| rendimento 6 mesi positivo| volumi in media/ripresa| rottura vicino ai massimi (dd -5%, contesto debole)| molti incroci negli ultimi 3 anni (whipsaw)| segnale settimanale confermato (+10);4,806500029563904;64,4;2,858127007523059;True;2,8928894376955223;2,287787804418162;True;True;43,1;1;vicino ai max · MM200 su · MM50>200
IGD.MI;IGD SIIQ;2026-10-02;3,805000066757202;3,9191274678707124;3,906899995803833;SOTTO;TREND RIBASSISTA (sotto);-2,912061474119809;-1,3274852193962425;-16,373628412031728;56,0;2,5101408035755988;1,5142491509794616;51,760741614112156;2,2594647213347065;0,9120124260203699;-8,091782863093943;-6,21002224608731;11,88279768704108;False;False;;18,0;2;False;;MM200 piatta/stabilizzazione| prezzo a ridosso della MM200| RSI in zona costruttiva| volatilità compressa| volume 2.51x la media (partecipazione)| contesto di recovery intermedio (dd -16%);3,7230000138282775;38,0;4,5279876296132615;False;1,5841554325539298;1,0577794852533184;False;False;61,5;2;MM200 su · forza rel.
ICOS.MI;Intercos;2026-10-02;12,5;12,39053771018982;13,323600063323974;IN_TRANSIZIONE;IN PROSSIMITÀ (sopra);0,8834345398921695;0,2508982442301682;-12,464984357537045;59,0;0,9882778544450516;0,9377272991056682;39,884566180069854;3,490252875895357;1,384598408094817;-5,159334517683933;4,6681506473283285;2,971750645458915;True;True;;;14;True;struttura settimanale allineata (manca il volume)| zona di indecisione ±1.0%| vicino ai massimi a 12 mesi (contesto debole nella ricerca)| storia di whipsaw;MM200 in salita| MM50 sopra MM200| prezzo a ridosso della MM200| rendimento 6 mesi positivo| contesto di recovery intermedio (dd -12%)| molti incroci negli ultimi 3 anni (whipsaw);12,768000030517578;87,2;4,504138611421871;True;0,9691960524315989;1,4302973302969368;False;True;47,7;1;vicino ai max · MM200 su · MM50>200
IRE.MI;Iren;2026-10-02;2,3959999084472656;2,504735962152481;2,489840006828308;SOTTO;ROTTURA RIBASSISTA;-4,3412182101530306;-2,220225298366862;-11,040420254936766;28,0;0,75947789757748;0,8563890823671269;38,04451543623455;2,044041567391115;0,08568745585089133;-6,406251484295389;-2,3094587420844026;-4,378553732038304;False;False;;5,0;11;False;vicino ai massimi a 12 mesi (contesto debole nella ricerca)| storia di whipsaw;MM200 piatta/stabilizzazione| prezzo a ridosso della MM200| contesto di recovery intermedio (dd -11%)| molti incroci negli ultimi 3 anni (whipsaw);2,4665999889373778;47,199999999999996;0,31329787049243496;False;0,8408654745126207;0,2289380240157568;False;False;36,2;0;vicino ai max · MM200 su
ITM.MI;Italmobiliare;2026-10-02;25,049999237060547;27,204953842163086;25,993000144958497;SOTTO;TREND RIBASSISTA (sotto);-7,921184566623751;-4,3817086666858005;-22,286249543631765;40,0;0,44128575622531696;0,6390297115175205;40,784525717806844;1,963301102475121;-0,37618601975473176;-15,656570392016;-8,652263071798249;-17,87348751094787;False;False;;45,0;15;False;★ deep recovery: il filtro con evidenza specifica| storia di whipsaw;MM200 piatta/stabilizzazione| prezzo a ridosso della MM200| volatilità compressa| rottura da deep recovery (dd -22%, filtro con evidenza)| molti incroci negli ultimi 3 anni (whipsaw);25,387500190734862;10,4;-2,640200523975167;False;0,6526629492742508;-0,39364053280765976;False;False;23,1;1;recovery
JUVE.MI;Juventus FC;2026-10-02;1,746000051498413;2,168209993839264;2,0008800077438353;SOTTO;TREND RIBASSISTA (sotto);-19,472742194737368;-6,118163274862297;-39,83459402704761;8,0;0,9809352543685784;2,7700222164805686;29,493001657150046;3,952420480549675;-2,1031338812193323;-15,406969793265436;-15,814843247247435;-36,18421006767741;False;False;;261,0;13;False;★ deep recovery: il filtro con evidenza specifica| storia di whipsaw;volumi in media/ripresa| rottura da deep recovery (dd -40%, filtro con evidenza)| molti incroci negli ultimi 3 anni (whipsaw);1,9080000162124633;96,39999999999999;-7,642601106543923;False;3,2260843990177257;-2,9056016468576584;False;False;10,0;1;recovery
LUVE.MI;LU-VE;2026-10-02;69,4000015258789;52,694881420135495;60,56600028991699;SOPRA;TREND RIALZISTA (già sopra);31,701599198134133;7,014571524236722;-2,664798659965928;54,0;0,8831503615607595;0,9919070377754038;64,55080999602808;3,4315392804740585;5,509668317218841;12,29773848324054;64,1197491437359;94,43632012833605;True;True;374,0;;2;False;struttura settimanale allineata (manca il volume)| conferma settimanale| vicino ai massimi a 12 mesi (contesto debole nella ricerca);MM200 in salita| MM50 sopra MM200| distanza ridotta dalla MM200| RSI in zona costruttiva| rendimento 6 mesi positivo| rottura vicino ai massimi (dd -3%, contesto debole);65,82000064849854;50,0;15,679565043769394;True;1,0064100023084401;5,654676552450311;False;True;96,2;2;vicino ai max · MM200 su · MM50>200 · forza rel.
MAIRE.MI;Maire;2026-10-02;12,489999771118164;13,654200658798217;12,419799976348877;SOTTO;TREND RIBASSISTA (sotto);-8,526320337396598;-3,376061894172214;-24,394676603968158;38,0;1,0858529744760799;1,2045519677980654;51,83480477857027;2,760928091840684;0,07080468650277894;-12,227686768039858;-11,609746721332993;1,2044262004098583;False;False;;48,0;11;False;★ deep recovery: il filtro con evidenza specifica| storia di whipsaw;MM200 piatta/stabilizzazione| distanza ridotta dalla MM200| RSI in zona costruttiva| volatilità compressa| volumi in media/ripresa| rottura da deep recovery (dd -24%, filtro con evidenza)| molti incroci negli ultimi 3 anni (whipsaw);12,373999977111817;14,000000000000002;0,5943444747387394;False;1,2497713840572828;0,09019204650360102;False;False;43,8;2;recovery · MM200 su
MARR.MI;MARR;2026-10-02;5,230000019073486;7,262535734176636;6,007199993133545;SOTTO;TREND RIBASSISTA (sotto);-27,986584706747486;-13,111924443472866;-43,33417821498997;5,0;0,6749418980064735;0,6905226620681667;30,748703300182953;2,9639444317238506;-3,6832438211601204;-22,633138432029686;-32,18112635138694;-41,41939010306949;False;False;;151,0;15;False;★ deep recovery: il filtro con evidenza specifica| storia di whipsaw;rottura da deep recovery (dd -43%, filtro con evidenza)| molti incroci negli ultimi 3 anni (whipsaw);5,559500002861023;69,6;-9,482583018874601;False;0,6717641909541678;-3,9745535489520645;False;False;8,5;1;recovery
MFEA.MI;MFE-MediaForEurope A;2026-10-02;2,180000066757202;2,644061496257782;2,5234800004959106;SOTTO;TREND RIBASSISTA (sotto);-17,551083065101924;-7,138217434124771;-25,949471653243716;10,0;3,3857107113350478;1,824372965769894;19,852945591662987;2,9821480056196283;-1,5343087441726078;-16,54291746189085;-14,799214596313048;-24,04708132782123;False;False;;73,0;15;False;★ deep recovery: il filtro con evidenza specifica| storia di whipsaw;volume 3.39x la media (partecipazione)| rottura da deep recovery (dd -26%, filtro con evidenza)| molti incroci negli ultimi 3 anni (whipsaw);2,3734000086784364;78,0;-3,2399916198137313;False;1,7105343529879804;-1,4624496846106338;False;False;16,9;1;recovery
MFEB.MI;MFE-MediaForEurope B;2026-10-02;2,9000000953674316;3,5024621725082397;3,4729599857330324;SOTTO;TREND RIBASSISTA (sotto);-17,201101609881576;-5,938768958778547;-27,648321606318493;10,0;3,7628104942526166;1,7885520793486733;20,857136685979683;3,4981245852778073;-1,3821057797042569;-11,685338974947236;-14,288601385350807;-27,54627550314118;False;False;;18,0;15;False;★ deep recovery: il filtro con evidenza specifica| storia di whipsaw;volume 3.76x la media (partecipazione)| rottura da deep recovery (dd -28%, filtro con evidenza)| molti incroci negli ultimi 3 anni (whipsaw);3,274399995803833;90,8;-3,1047863730086056;False;1,8823866480344105;-1,521544704659905;False;False;14,6;1;recovery
MOL.MI;Moltiply Group;2026-10-02;30,399999618530273;34,317493772506715;35,610000152587894;SOTTO;TREND RIBASSISTA (sotto);-11,415443621686972;-2,7758954962542117;-35,13483254350282;34,0;0,6522414080527544;0,8865367598267502;34,759615678936754;4,642283582594261;-1,5596254352387762;-16,71232981224583;-3,8769741931888646;-26,98789110746247;True;False;;7,0;21;False;★ deep recovery: il filtro con evidenza specifica| storia di whipsaw;MM50 sopra MM200| distanza ridotta dalla MM200| rottura da deep recovery (dd -35%, filtro con evidenza)| molti incroci negli ultimi 3 anni (whipsaw);32,98000011444092;94,8;-4,803464616397079;True;0,9133922987581524;-0,967796155233458;False;False;15,4;2;recovery · MM50>200
MN.MI;Arnoldo Mondadori Editore;2026-10-02;2,0250000953674316;2,0330588501691818;2,095099997520447;IN_TRANSIZIONE;IN PROSSIMITÀ (sotto);-0,3963857121538572;-0,24022859517761255;-6,249999310131448;34,0;1,1057401943551113;0,9150753866347647;33,70038509613819;1,6566020421095364;0,5601257798576897;-3,5714196510051366;0,6053639746900208;0,06571717251688813;True;False;;;12;False;zona di indecisione ±1.0%| vicino ai massimi a 12 mesi (contesto debole nella ricerca)| storia di whipsaw;MM200 piatta/stabilizzazione| MM50 sopra MM200| prezzo a ridosso della MM200| rendimento 6 mesi positivo| volatilità compressa| rottura vicino ai massimi (dd -6%, contesto debole)| molti incroci negli ultimi 3 anni (whipsaw);2,074749994277954;22,400000000000002;1,9706757795574736;True;0,8943365148968129;0,47910041955216975;False;False;40,0;1;vicino ai max · MM200 su · MM50>200
OVS.MI;OVS;2026-10-02;5,885000228881836;5,329830322265625;5,9430999851226805;SOPRA;TREND RIALZISTA (già sopra);10,416277311811628;3,3479865680337064;-9,041724579290689;57,0;0,9564321165873872;1,307737864222225;53,47371401527294;2,817706318232351;2,585742019674764;-6,4387875266676335;26,92394039364938;43,03839088966954;True;True;372,0;;2;False;struttura settimanale allineata (manca il volume)| conferma settimanale| vicino ai massimi a 12 mesi (contesto debole nella ricerca);MM200 in salita| MM50 sopra MM200| distanza ridotta dalla MM200| RSI in zona costruttiva| rendimento 6 mesi positivo| volumi in media/ripresa| rottura vicino ai massimi (dd -9%, contesto debole);5,675249934196472;89,60000000000001;10,916037412727487;True;1,3534493467519892;2,260439568148964;False;True;83,1;2;vicino ai max · MM200 su · MM50>200 · forza rel.
PHN.MI;Pharmanutra;2026-10-02;70,19999694824219;76,00856506347657;79,53799972534179;SOTTO;TREND RIBASSISTA (sotto);-7,641991544483839;-1,9449189131945785;-24,434880737125976;68,0;0,6370983627535417;1,196324835766673;35,17876360214257;4,2543233334997455;2,8672669002178575;-21,913241649907878;-7,421341503292633;48,35706064421239;True;False;;11,0;16;False;★ deep recovery: il filtro con evidenza specifica| storia di whipsaw;MM200 in salita| MM50 sopra MM200| prezzo a ridosso della MM200| volumi in media/ripresa| rottura da deep recovery (dd -24%, filtro con evidenza)| molti incroci negli ultimi 3 anni (whipsaw);74,61499938964843;96,8;14,36842812555268;True;1,2575307451021354;2,784381079960574;False;False;86,9;4;recovery · MM200 su · MM50>200 · forza rel.
RWY.MI;Rai Way;2026-10-02;10,199999809265137;10,315950012207031;10,15599998474121;SOTTO;TREND RIBASSISTA (sotto);-1,1239895773504927;-14,715250738557396;-15,00000158945719;39,0;0,5229283990345938;2,39338035538342;60,16230113297502;0,07725092402177947;-0,027619660613542596;1,9999980926513672;0,0;6,02910530775278;False;False;;98,0;7;False;storia di whipsaw;MM200 piatta/stabilizzazione| prezzo a ridosso della MM200| RSI in zona costruttiva| volatilità compressa| volumi in media/ripresa| contesto di recovery intermedio (dd -15%)| molti incroci negli ultimi 3 anni (whipsaw);10,199999809265137;0,4;-0,6859404785466205;False;2,3956043956043955;-2,310257540827365e-07;False;False;51,5;1;forza rel.
RCS.MI;RCS MediaGroup;2026-10-02;0,8309999704360962;0,911169193983078;0,9244599974155426;SOTTO;ROTTURA RIBASSISTA;-8,798500221076477;-3,3607439944304214;-15,548785824949762;52,0;3,1588706805331435;2,3989549041161036;22,9472539346706;2,87059046417608;0,27645628813555145;-12,893084511639275;-7,087470769625293;-14,874418717110604;True;False;;5,0;5;False;;MM200 piatta/stabilizzazione| MM50 sopra MM200| distanza ridotta dalla MM200| volume 3.16x la media (partecipazione)| contesto di recovery intermedio (dd -16%);0,9143500000238418;100,0;-0,3050476735431462;True;2,411287035585515;0,3260823375914601;False;False;26,2;2;MM200 su · MM50>200
REY.MI;Reply;2026-10-02;122,0999984741211;101,89307315826416;117,6859994506836;SOPRA;TREND RIALZISTA (già sopra);19,83150050295448;5,359324674649698;-1,6908200690183839;30,0;1,3138124807640925;1,0132277043709599;58,228379922101674;3,0879802203950724;0,336775040753734;26,13635808341419;50,80485714808019;0,6591761741302493;True;True;49,0;;8;False;struttura settimanale allineata (manca il volume)| conferma settimanale| vicino ai massimi a 12 mesi (contesto debole nella ricerca)| storia di whipsaw;MM200 piatta/stabilizzazione| MM50 sopra MM200| distanza ridotta dalla MM200| RSI in zona costruttiva| rendimento 6 mesi positivo| volumi in media/ripresa| rottura vicino ai massimi (dd -2%, contesto debole)| molti incroci negli ultimi 3 anni (whipsaw);117,2549991607666;45,2;-0,778671039721035;True;1,0169925092256284;0,345416290939915;False;True;41,5;1;vicino ai max · MM200 su · MM50>200
REVO.MI;Revo Insurance;2026-10-02;23,600000381469727;24,12385298728943;25,01100009918213;SOTTO;ROTTURA RIBASSISTA;-2,17151300870434;-0,6314202453574305;-18,62068833975956;79,0;2,5620063625768434;1,1922322866590314;35,08743766886374;3,5154311441241357;3,2581522806840235;-12,592591179741753;1,5002403957962374;32,22037247017555;True;False;;0,0;1;False;;MM200 in salita| MM50 sopra MM200| prezzo a ridosso della MM200| rendimento 6 mesi positivo| volume 2.56x la media (partecipazione)| contesto di recovery intermedio (dd -19%);24,937500190734863;66,4;10,99816445310353;True;1,1814282741534456;2,8236159714446707;False;False;77,7;3;MM200 su · MM50>200 · forza rel.
SFER.MI;Salvatore Ferragamo;2026-10-02;7,025000095367432;8,243374981880187;8,968299932479859;SOTTO;TREND RIBASSISTA (sotto);-14,780049302511078;-3,1476114773038644;-35,90328402448472;45,0;1,350099309623533;1,0346026859390833;25,653081534883427;5,510023916306642;0,12236882164471385;-33,28584735504807;-7,929226867617379;17,573225230025045;True;False;;13,0;12;False;★ deep recovery: il filtro con evidenza specifica| storia di whipsaw;MM200 piatta/stabilizzazione| MM50 sopra MM200| distanza ridotta dalla MM200| volumi in media/ripresa| rottura da deep recovery (dd -36%, filtro con evidenza)| molti incroci negli ultimi 3 anni (whipsaw);7,931749939918518;97,2;8,99429785539796;True;1,0638987581151147;-0,4962702240752792;False;False;67,7;4;recovery · MM200 su · MM50>200 · forza rel.
SES.MI;Sesa;2026-10-02;93,3499984741211;88,42890785217286;93,66258926391602;SOPRA;TREND RIALZISTA (già sopra);5,565024765628523;1,6408557346180674;-8,662408276628542;39,0;0,5126226271171879;0,8158749629696329;47,79581018397948;3,2127478990385954;1,3347226980165772;0,45195935805695253;19,476960429241586;2,6866474563056686;True;True;55,0;;8;False;struttura settimanale allineata (manca il volume)| conferma settimanale| vicino ai massimi a 12 mesi (contesto debole nella ricerca)| storia di whipsaw;MM200 in salita| MM50 sopra MM200| distanza ridotta dalla MM200| RSI in zona costruttiva| rendimento 6 mesi positivo| rottura vicino ai massimi (dd -9%, contesto debole)| molti incroci negli ultimi 3 anni (whipsaw);94,66036796569824;48,4;3,5026122418176264;True;0,8043600256828971;1,2155454207783967;False;True;46,9;1;vicino ai max · MM200 su · MM50>200
SOL.MI;SOL;2026-10-02;55,20000076293945;54,52152002334595;55,38000015258789;SOPRA;TREND RIALZISTA (già sopra);1,2444274101363728;0,3931531348387498;-12,933754835309175;50,0;0,8515829305618353;0,758935701349176;49,566987888619565;3,126343525511387;1,1961069074945208;-5,962521217222438;-3,2634268562461655;7,38133516973003;True;True;10,0;;8;False;struttura settimanale allineata (manca il volume)| conferma settimanale| vicino ai massimi a 12 mesi (contesto debole nella ricerca)| storia di whipsaw;MM200 in salita| MM50 sopra MM200| distanza ridotta dalla MM200| RSI in zona costruttiva| contesto di recovery intermedio (dd -13%)| molti incroci negli ultimi 3 anni (whipsaw);55,22500019073486;90,0;4,001172851771062;True;0,7649202845275632;1,2319968757856792;False;True;53,8;2;vicino ai max · MM200 su · MM50>200 · forza rel.
TIP.MI;Tamburi Investment Partners;2026-10-02;8,510000228881836;8,9333549284935;9,411400051116944;SOTTO;TREND RIBASSISTA (sotto);-4,739033688915095;-2,1447990164199875;-15,909087696479762;47,0;1,2134008076046185;0,9572407265904962;30,579096212579742;2,319467072608446;0,4730847652270276;-12,985680355468944;7,360024967386103;1,8671728566143075;True;False;;13,0;13;False;storia di whipsaw;MM200 piatta/stabilizzazione| MM50 sopra MM200| prezzo a ridosso della MM200| rendimento 6 mesi positivo| contesto di recovery intermedio (dd -16%)| molti incroci negli ultimi 3 anni (whipsaw);8,966500043869019;53,2;3,66875087730536;True;0,9652232004359157;0,23824064432214076;False;False;45,4;2;MM200 su · MM50>200
TPRO.MI;Technoprobe;2026-10-02;35,060001373291016;23,486100034713743;29,069600067138673;SOPRA;TREND RIALZISTA (già sopra);49,27979239409868;6,815296274552781;-7,978995334855343;54,0;1,6298810815109814;1,4747995501473188;70,69384179024983;4,8437654701249935;8,09190027129414;11,798471590967141;109,81450205984532;292,17005613984406;True;True;287,0;;6;False;★ segnale settimanale supportato dalla ricerca| conferma settimanale| vicino ai massimi a 12 mesi (contesto debole nella ricerca)| storia di whipsaw;MM200 in salita| MM50 sopra MM200| distanza ridotta dalla MM200| RSI in zona costruttiva| rendimento 6 mesi positivo| volume 1.63x la media (partecipazione)| rottura vicino ai massimi (dd -8%, contesto debole)| molti incroci negli ultimi 3 anni (whipsaw)| segnale settimanale confermato (+10);30,339000034332276;51,2;31,94512356989081;True;1,5569215009181394;8,470379652742421;True;True;99,2;2;vicino ai max · MM200 su · MM50>200 · forza rel.
WIIT.MI;WIIT;2026-10-02;28,899999618530273;28,742288007736207;28,707000007629393;IN_TRANSIZIONE;IN PROSSIMITÀ (sopra);0,5487093120478681;0,14784383267083237;-23,342177629502647;60,0;0,44118422085525094;0,43044369085511136;46,74794914261364;3,691157849382181;3,796849898224952;-19,72222328186035;5,189064280480782;46,09592993684926;False;False;;;6;True;zona di indecisione ±1.0%| ★ deep recovery: il filtro con evidenza specifica| storia di whipsaw;MM200 in salita| prezzo a ridosso della MM200| RSI in zona costruttiva| rendimento 6 mesi positivo| rottura da deep recovery (dd -23%, filtro con evidenza)| molti incroci negli ultimi 3 anni (whipsaw);29,482500076293945;45,6;12,382454359557627;False;0,42893551284223336;3,562675082048772;False;False;84,6;3;recovery · MM200 su · forza rel.
ZV.MI;Zignago Vetro;2026-10-02;6,110000133514404;7,120860598087311;6,855199995040894;SOTTO;TREND RIBASSISTA (sotto);-14,195762585837269;-6,542165026587619;-22,85353441090503;30,0;0,9440326054610578;1,2599865803332055;22,90528757678082;2,5288816001347283;-0,6746399889890231;-16,643926369576512;-11,723182407906496;-23,42898874160563;False;False;;39,0;10;False;★ deep recovery: il filtro con evidenza specifica| storia di whipsaw;MM200 piatta/stabilizzazione| distanza ridotta dalla MM200| volumi in media/ripresa| rottura da deep recovery (dd -23%, filtro con evidenza)| molti incroci negli ultimi 3 anni (whipsaw);6,562000012397766;42,8;-1,4558268882730374;False;1,268328414451536;-1,16574759628838;False;False;17,7;1;recovery
IF.MI;Banca IFIS;2026-10-02;10,75;19,638710312843322;14,615199966430664;SOTTO;TREND RIBASSISTA (sotto);-45,261171284910105;-13,87289625569839;-59,15946154304896;25,0;2,148758692175673;2,3958892136706487;19,76757184360615;5,960231793329484;-4,619193424877121;-17,052469379953482;-50,32029466015728;-48,175354840133444;False;False;;116,0;5;False;★ deep recovery: il filtro con evidenza specifica;volume 2.15x la media (partecipazione)| rottura da deep recovery (dd -59%, filtro con evidenza);13,96749997138977;94,8;-9,75915207939474;False;2,6173451072521083;-5,045761141767602;False;False;4,6;1;recovery
BST.MI;Banca Sistema;2026-10-02;1,5099999904632568;1,6562299972772598;1,5927599954605103;SOTTO;TREND RIBASSISTA (sotto);-8,82908817340563;-3,7523381199567254;-16,389812001801207;22,0;2,704608983067741;0,9311879083433615;31,723076133984875;2,580819255381283;-0,6776490470998819;-3,8216598716108385;-12,412992429795134;-5,150754822435067;False;False;;34,0;27;False;storia di whipsaw;MM200 piatta/stabilizzazione| distanza ridotta dalla MM200| volume 2.70x la media (partecipazione)| contesto di recovery intermedio (dd -16%)| molti incroci negli ultimi 3 anni (whipsaw);1,5689999997615813;78,0;-0,6806272248258582;False;0,9113031883644238;-0,6453744170946019;False;False;33,8;0;
SFL.MI;Safilo Group;2026-10-02;1,8070000410079956;1,7953850001096725;1,8259800004959106;IN_TRANSIZIONE;IN PROSSIMITÀ (sopra);0,646938728886215;0,202816906714278;-19,113694394121715;55,0;0,32433100713777135;0,5560130819072916;52,85760703448305;3,16926406371859;-0,609776402401041;4,936122996849535;1,6310485891835258;10,995087083556477;True;True;;;18;True;zona di indecisione ±1.0%| storia di whipsaw;MM200 piatta/stabilizzazione| MM50 sopra MM200| prezzo a ridosso della MM200| RSI in zona costruttiva| rendimento 6 mesi positivo| volatilità compressa| contesto di recovery intermedio (dd -19%)| molti incroci negli ultimi 3 anni (whipsaw);1,7650499939918518;10,8;0,6539704057137552;True;0,5419275147611411;-0,6396968986951745;False;False;60,0;2;MM50>200 · forza rel.
TISG.MI;The Italian Sea Group;2026-10-02;1,1100000143051147;1,9734199982881546;1,228799991607666;SOTTO;TREND RIBASSISTA (sotto);-43,75246955701343;-11,5639532473429;-77,97619002566407;26,0;0,36631486400079993;0,3114093914462982;41,07343483200685;6,7265563494065805;-12,8059208980981;6,118547825718301;6,525907426326483;-77,97619002566407;False;False;;526,0;3;False;★ deep recovery: il filtro con evidenza specifica;rendimento 6 mesi positivo| volatilità compressa| rottura da deep recovery (dd -78%, filtro con evidenza);1,186199998855591;39,2;-33,400267842295015;False;0,30048498837480675;-13,651396252164583;False;False;1,5;1;recovery
TNX.MI;Tinexta;2026-10-02;0,5799999833106995;1,1427750021219254;0,8092000031471253;SOTTO;TREND RIBASSISTA (sotto);-49,24635363621492;-27,122459371261876;-68,64864995481324;10,0;2,18978102189781;3,5651503432783977;10,399718887865717;3,5774845164641715;-5,248429684604206;-49,122807843092964;-50,42735003547241;-68,47826234841389;False;False;;254,0;14;False;★ deep recovery: il filtro con evidenza specifica| storia di whipsaw;volume 2.19x la media (partecipazione)| rottura da deep recovery (dd -69%, filtro con evidenza)| molti incroci negli ultimi 3 anni (whipsaw);0,7570000022649765;70,8;-17,8155338350267;False;3,534136546184739;-6,512451797825703;False;False;2,3;1;recovery
ORS.MI;Orsero;2026-10-02;14,880000114440918;16,442955055236816;16,204399909973144;SOTTO;TREND RIBASSISTA (sotto);-9,505316626758775;-3,138192849573384;-21,901012350931637;27,0;1,0865468544654278;0,8713419720914637;34,188564395966026;3,347063059390118;-0,5256081499075083;-11,004780349745236;-5,20663266344521;-15,854089450187203;False;False;;14,0;10;False;★ deep recovery: il filtro con evidenza specifica| storia di whipsaw;MM200 piatta/stabilizzazione| distanza ridotta dalla MM200| rottura da deep recovery (dd -22%, filtro con evidenza)| molti incroci negli ultimi 3 anni (whipsaw);15,891999912261962;83,2;-1,7185216736218756;False;0,88012385290625;-0,8412710346903052;False;False;25,4;1;recovery
SAB.MI;Sabaf;2026-10-02;11,350000381469727;12,668575310707093;11,682999992370606;SOTTO;TREND RIBASSISTA (sotto);-10,408233735035278;-3,990960642751406;-18,621738517416475;9,0;0,28417818740399386;0,772151310818238;44,75370928262463;2,9109281967591256;-1,478872068170789;-9,199996948242184;-17,487552420712372;-16,908514830581545;False;False;;90,0;13;False;storia di whipsaw;distanza ridotta dalla MM200| contesto di recovery intermedio (dd -19%)| molti incroci negli ultimi 3 anni (whipsaw);11,422499942779542;87,6;-3,4372644115518214;False;0,7974728811538919;-1,6008403887873612;False;False;23,8;0;
EM.MI;Emak;2026-10-02;0,7929999828338623;0,8649667289853096;0,8369599962234497;SOTTO;TREND RIBASSISTA (sotto);-8,320175070302561;-4,165461176459002;-21,431911383265813;29,0;0,5153735563627915;0,5811078885862508;39,42708782575948;2,178690794007463;-0,7444195391413722;-9,578106486113747;-7,211438541107851;-20,672066841775248;False;False;;40,0;17;False;★ deep recovery: il filtro con evidenza specifica| storia di whipsaw;MM200 piatta/stabilizzazione| distanza ridotta dalla MM200| volatilità compressa| rottura da deep recovery (dd -21%, filtro con evidenza)| molti incroci negli ultimi 3 anni (whipsaw);0,8176499962806701;13,200000000000001;-3,1945406647856167;False;0,5651106876304235;-0,8265629405302399;False;False;19,2;1;recovery
PRT.MI;Esprinet;2026-10-02;7,954999923706055;6,371563613414764;7,4887000179290775;SOPRA;TREND RIALZISTA (già sopra);24,85161267098559;5,5027774052664045;-6,79554697217617;39,0;0,6682372572812453;0,8264728267716652;53,90724083337768;3,6172495765755985;3,8635952719666244;15,289852373291058;58,337947572498926;38,190537732134814;True;True;123,0;;13;False;struttura settimanale allineata (manca il volume)| conferma settimanale| vicino ai massimi a 12 mesi (contesto debole nella ricerca)| storia di whipsaw;MM200 in salita| MM50 sopra MM200| distanza ridotta dalla MM200| RSI in zona costruttiva| rendimento 6 mesi positivo| rottura vicino ai massimi (dd -7%, contesto debole)| molti incroci negli ultimi 3 anni (whipsaw);7,960000085830688;66,4;9,9328737168751;True;0,8315760120047089;3,9095966589504316;False;True;80,8;2;vicino ai max · MM200 su · MM50>200 · forza rel.
DAL.MI;Datalogic;2026-09-10;5,690000057220459;4,931282477378845;5,680995864868164;SOPRA;TREND RIALZISTA (già sopra);15,385806498047128;52,3731376148762;-0,8568349930454078;41,0;0,12738887593782858;0,15286665112539427;59,01087542494761;0,2546005183169238;2,7476081304321553;-0,8568349930454078;48,968959294184856;26,71297208242165;True;True;73,0;;11;False;struttura settimanale allineata (manca il volume)| conferma settimanale| vicino ai massimi a 12 mesi (contesto debole nella ricerca)| storia di whipsaw;MM200 in salita| MM50 sopra MM200| distanza ridotta dalla MM200| RSI in zona costruttiva| rendimento 6 mesi positivo| volatilità compressa| rottura vicino ai massimi (dd -1%, contesto debole)| molti incroci negli ultimi 3 anni (whipsaw);5,674000000953674;0,4;8,163067564221826;True;0,2081035301318549;2,8841775544899084;False;True;73,8;2;vicino ai max · MM200 su · MM50>200 · forza rel.
BSS.MI;Biesse;2026-10-02;4,829999923706055;5,715175004005432;5,168000011444092;SOTTO;TREND RIBASSISTA (sotto);-15,488153550486372;-5,558281084953165;-42,362770193968025;24,0;1,2791544573062372;1,0314091209120837;34,31053674522529;3,297171594375587;-2,6777693481698672;-8,867929247444827;-14,964787505657196;-40,66339410331713;False;False;;185,0;12;False;★ deep recovery: il filtro con evidenza specifica| storia di whipsaw;distanza ridotta dalla MM200| volatilità compressa| volumi in media/ripresa| rottura da deep recovery (dd -42%, filtro con evidenza)| molti incroci negli ultimi 3 anni (whipsaw);5,033500027656555;29,599999999999998;-7,8669391664561665;False;1,0763632373148426;-3,4871331642661874;False;False;9,2;1;recovery
AVIO.MI;Avio;2026-10-02;29,18000030517578;33,02707567214966;30,10240005493164;SOTTO;TREND RIBASSISTA (sotto);-11,648247047854598;-3,7743349792930134;-54,60694285670882;35,0;0,6582853530709835;0,8699035858253895;48,673648808838;3,493051272499989;0,9118307343592535;-12,739229953588227;-19,061779001181378;-46,293194667880655;False;False;;33,0;11;False;★ deep recovery: il filtro con evidenza specifica| storia di whipsaw;MM200 piatta/stabilizzazione| distanza ridotta dalla MM200| RSI in zona costruttiva| volatilità compressa| rottura da deep recovery (dd -55%, filtro con evidenza)| molti incroci negli ultimi 3 anni (whipsaw);28,896499919891358;5,2;-6,331292382213382;False;0,8491104751577128;0,4368892790441503;False;False;5,4;2;recovery · MM200 su
ECNL.MI;Aquafil;2026-10-02;1,2719999551773071;1,3946599996089935;1,3603599929809571;SOTTO;TREND RIBASSISTA (sotto);-8,794978307693292;-3,471591369177747;-39,71563893752992;29,0;1,1069774507399655;0,7536815153924998;33,029020330461606;2,7777133217582852;-0,2988190942888935;-8,620690245785244;-11,911360793848003;-34,09326477996034;False;False;;23,0;6;False;★ deep recovery: il filtro con evidenza specifica| storia di whipsaw;MM200 piatta/stabilizzazione| distanza ridotta dalla MM200| volatilità compressa| rottura da deep recovery (dd -40%, filtro con evidenza)| molti incroci negli ultimi 3 anni (whipsaw);1,3253999888896941;22,400000000000002;-6,601126414782743;False;0,7532638458079907;-0,37473240237317906;False;False;12,3;1;recovery
CELL.MI;Cellularline;2026-10-02;2,5;2,3064337623119355;2,5014000034332273;SOPRA;TREND RIALZISTA (già sopra);8,392447285979564;3,8330235302952573;-8,55815336611978;21,0;0,38828144819752386;0,5112093659315725;43,21665751056756;2,0199848621660204;0,8906554466795891;13,636361173361845;14,596666456833907;-6,965065496371725;True;True;45,0;;16;False;struttura settimanale allineata (manca il volume)| conferma settimanale| vicino ai massimi a 12 mesi (contesto debole nella ricerca)| storia di whipsaw;MM200 piatta/stabilizzazione| MM50 sopra MM200| distanza ridotta dalla MM200| rendimento 6 mesi positivo| rottura vicino ai massimi (dd -9%, contesto debole)| molti incroci negli ultimi 3 anni (whipsaw);2,593499982357025;42,4;-0,9680899022713518;True;0,5179481899716638;0,8047689431760485;False;True;33,1;1;vicino ai max · MM200 su · MM50>200
FILA.MI;FILA;2026-10-02;10,479999542236328;9,343847093582154;10,310900001525878;SOPRA;TREND RIALZISTA (già sopra);12,15936473783421;5,473133131145747;-3,9413410741502286;41,0;0,31423995969187174;0,6543975919455558;49,546307820175045;1,9807940959931176;1,304566961145226;9,566126523722861;10,808107076050488;13,835961535333908;True;True;48,0;;10;False;struttura settimanale allineata (manca il volume)| conferma settimanale| vicino ai massimi a 12 mesi (contesto debole nella ricerca)| storia di whipsaw;MM200 in salita| MM50 sopra MM200| distanza ridotta dalla MM200| RSI in zona costruttiva| rendimento 6 mesi positivo| volatilità compressa| rottura vicino ai massimi (dd -4%, contesto debole)| molti incroci negli ultimi 3 anni (whipsaw);10,553000020980836;5,2;3,3828204154869645;True;0,6635433425958039;1,2041959016537929;False;True;63,8;2;vicino ai max · MM200 su · MM50>200 · forza rel.
DIB.MI;Digital Bros;2026-10-02;11,579999923706055;11,49960000038147;12,474799976348876;IN_TRANSIZIONE;IN PROSSIMITÀ (sopra);0,6991540864196732;0,16472394888037795;-18,7938307304356;50,0;0,9158555869411176;2,0852655825098507;36,53865722861362;4,214929676538295;-0,3777114823267147;0,1730060844584269;18,283962909374928;6,826566058133321;True;True;;;15;False;zona di indecisione ±1.0%| storia di whipsaw;MM200 piatta/stabilizzazione| MM50 sopra MM200| prezzo a ridosso della MM200| rendimento 6 mesi positivo| volumi in media/ripresa| contesto di recovery intermedio (dd -19%)| molti incroci negli ultimi 3 anni (whipsaw);12,64399995803833;76,0;0,12014840863872056;True;2,290040159475479;-0,6297640742812693;False;False;53,1;2;MM50>200 · forza rel.
TXT.MI;TXT e-solutions;2026-10-02;51,599998474121094;37,40307513236999;51,804999923706056;SOPRA;TREND RIALZISTA (già sopra);37,95656718467131;7,462857299747769;-7,194244801754435;41,0;0,2944832760597587;0,31647716820550414;46,21601045350882;3,686713685857608;6,50325924796713;16,47855386632491;70,79156993589679;52,09175452819008;True;True;122,0;;12;False;struttura settimanale allineata (manca il volume)| conferma settimanale| vicino ai massimi a 12 mesi (contesto debole nella ricerca)| storia di whipsaw;MM200 in salita| MM50 sopra MM200| distanza ridotta dalla MM200| RSI in zona costruttiva| rendimento 6 mesi positivo| volatilità compressa| rottura vicino ai massimi (dd -7%, contesto debole)| molti incroci negli ultimi 3 anni (whipsaw);52,912499618530276;33,2;17,487462607070903;True;0,3127273202543904;6,3285678227282816;False;True;88,5;2;vicino ai max · MM200 su · MM50>200 · forza rel.
IOT.MI;Seco;2026-10-02;4,525000095367432;3,094975004196167;3,85300000667572;SOPRA;TREND RIALZISTA (già sopra);46,204737977929945;6,4409979357674425;-5,235601989674155;42,0;0,6364578580665162;1,058484319338979;59,74149809743936;4,9065011501139;5,237253358287441;44,10827847744685;70,75471443483193;31,92419846351393;True;True;79,0;;9;False;struttura settimanale allineata (manca il volume)| conferma settimanale| vicino ai massimi a 12 mesi (contesto debole nella ricerca)| storia di whipsaw;MM200 in salita| MM50 sopra MM200| distanza ridotta dalla MM200| RSI in zona costruttiva| rendimento 6 mesi positivo| volumi in media/ripresa| rottura vicino ai massimi (dd -5%, contesto debole)| molti incroci negli ultimi 3 anni (whipsaw);4,339750027656555;90,0;6,580861950273076;True;1,1073070348113085;5,467656336942506;False;True;76,9;2;vicino ai max · MM200 su · MM50>200 · forza rel.
CY4.MI;CY4Gate;2026-10-02;10,920000076293945;8,567299993038178;9,81279998779297;SOPRA;TREND RIALZISTA (già sopra);27,461394898831372;4,993846037281391;-0,5464432463005653;57,0;0,8210343970019467;1,370214379336345;64,1603439950439;4,314284470510059;2,8184986914393972;15,068496729871782;48,16825299673073;94,30605513629142;True;True;349,0;;1;False;struttura settimanale allineata (manca il volume)| conferma settimanale| vicino ai massimi a 12 mesi (contesto debole nella ricerca);MM200 in salita| MM50 sopra MM200| distanza ridotta dalla MM200| RSI in zona costruttiva| rendimento 6 mesi positivo| volumi in media/ripresa| rottura vicino ai massimi (dd -1%, contesto debole);10,080999946594238;52,0;12,167531761564398;True;1,3784962894582087;2,276003142984573;False;True;95,4;2;vicino ai max · MM200 su · MM50>200 · forza rel.
GE.MI;Gefran;2026-10-02;11,850000381469727;10,7629266166687;11,619999961853027;SOPRA;TREND RIALZISTA (già sopra);10,100168880808491;3,099686595398048;-5,3682262390444935;42,0;0,8202875836051831;1,0815151947148502;49,88529408535537;2,95953080762095;1,3681162797662738;7,23982060566517;18,28971494900089;-1,9750577154404758;True;True;65,0;;18;False;struttura settimanale allineata (manca il volume)| conferma settimanale| vicino ai massimi a 12 mesi (contesto debole nella ricerca)| storia di whipsaw;MM200 in salita| MM50 sopra MM200| distanza ridotta dalla MM200| RSI in zona costruttiva| rendimento 6 mesi positivo| volumi in media/ripresa| rottura vicino ai massimi (dd -5%, contesto debole)| molti incroci negli ultimi 3 anni (whipsaw);12,005000019073487;62,4;0,34407788802581774;True;1,130789083690929;1,601525707821172;False;True;38,5;1;vicino ai max · MM200 su · MM50>200
ELC.MI;Elica;2026-10-02;1,1449999809265137;1,2611249965429305;1,153899974822998;SOTTO;TREND RIBASSISTA (sotto);-9,208049633045533;-4,370113418653419;-37,26027665699275;42,0;0,5834731508079756;0,4598635806227209;49,430329732336794;2,320745930051631;-3,965504064994585;-2,96609899806608;-3,7815188344657913;-34,9431825493855;False;False;;186,0;4;False;★ deep recovery: il filtro con evidenza specifica;distanza ridotta dalla MM200| RSI in zona costruttiva| volatilità compressa| rottura da deep recovery (dd -37%, filtro con evidenza);1,143499982357025;18,8;-11,760075966144656;False;0,4344446889959675;-3,984637428371729;False;False;11,5;1;recovery
TES.MI;Tesmec;2026-10-02;0,5649999976158142;0,27019499938935043;0,4266699981689453;SOPRA;TREND RIALZISTA (già sopra);109,1082362341023;10,663060561564501;0,0;71,0;2,0086442950027172;1,4779243834836908;74,96534094961862;4,89333017581764;14,713973825253234;43,03797019481137;286,45690343680707;366,94214932010374;True;True;293,0;;3;False;★ segnale settimanale supportato dalla ricerca| conferma settimanale| vicino ai massimi a 12 mesi (contesto debole nella ricerca);MM200 in salita| MM50 sopra MM200| distanza ridotta dalla MM200| RSI in zona costruttiva| rendimento 6 mesi positivo| volatilità compressa| volume 2.01x la media (partecipazione)| rottura vicino ai massimi (dd 0%, contesto debole)| segnale settimanale confermato (+10);0,49384999722242356;20,4;47,32029629781327;True;1,5624850002982051;14,438648495674578;True;True;100,0;2;vicino ai max · MM200 su · MM50>200 · forza rel.
ETH.MI;Eurotech;2026-10-02;1,2999999523162842;1,0972589778900146;1,264319999217987;SOPRA;TREND RIALZISTA (già sopra);18,477039469399692;4,365154571507829;-10,096820862977985;56,0;0,6185338063289219;0,901740503665971;55,22939372675415;3,572716587193505;3,4048641118419765;9,427608751888727;39,335467643782465;15,044244053276223;True;True;95,0;;9;False;struttura settimanale allineata (manca il volume)| conferma settimanale| vicino ai massimi a 12 mesi (contesto debole nella ricerca)| storia di whipsaw;MM200 in salita| MM50 sopra MM200| distanza ridotta dalla MM200| RSI in zona costruttiva| rendimento 6 mesi positivo| volatilità compressa| contesto di recovery intermedio (dd -10%)| molti incroci negli ultimi 3 anni (whipsaw);1,265499997138977;13,600000000000001;8,6832306832614;True;0,9216756726849957;2,908896065835642;False;True;65,4;2;vicino ai max · MM200 su · MM50>200 · forza rel.
LNDR.MI;Landi Renzo;2026-10-02;0,6399999856948853;0,7894800001382828;0,659720002412796;SOTTO;TREND RIBASSISTA (sotto);-18,933983687644407;-6,467441416995097;-44,73229793510567;22,0;0,4417487042978267;0,4372971361298862;43,11425050855691;3,6113590016383292;-1,3100654024549963;4,91802798135097;-22,891566438103194;-34,959352843798705;False;False;;185,0;2;False;★ deep recovery: il filtro con evidenza specifica;volatilità compressa| rottura da deep recovery (dd -45%, filtro con evidenza);0,6584000051021576;10,0;-7,71550645832213;False;0,4086946941367846;-3,3655478339072564;False;False;10,8;1;recovery
SGF.MI;Sogefi;2026-10-02;2,0299999713897705;2,343834998011589;2,034319999217987;SOTTO;TREND RIBASSISTA (sotto);-13,389808876822084;-5,806750357619783;-42,65536742189232;31,0;0,9105323211299774;0,8094024684259074;46,509396978532486;2,662393385961259;-4,905192618327325;-6,235565489234929;0,24690744626516548;-23,3962302515199;False;False;;151,0;11;False;★ deep recovery: il filtro con evidenza specifica| storia di whipsaw;distanza ridotta dalla MM200| RSI in zona costruttiva| rendimento 6 mesi positivo| volatilità compressa| rottura da deep recovery (dd -43%, filtro con evidenza)| molti incroci negli ultimi 3 anni (whipsaw);2,0614999890327455;17,599999999999998;-11,503470896928459;False;0,8319866135018779;-5,268896822870439;False;False;18,5;1;recovery
SYS.MI;SYS-DAT;2026-10-02;8,720000267028809;5,947332139015198;7,5051999759674075;SOPRA;TREND RIALZISTA (già sopra);46,62036797683757;7,132334840548166;0,0;44,0;2,349451743905435;1,343386108944557;63,50022357824078;4,458098586416593;4,8010349900664995;44,370866259965624;77,91361670378396;38,62670223054532;True;True;91,0;;8;False;struttura settimanale allineata (manca il volume)| conferma settimanale| vicino ai massimi a 12 mesi (contesto debole nella ricerca)| storia di whipsaw;MM200 in salita| MM50 sopra MM200| distanza ridotta dalla MM200| RSI in zona costruttiva| rendimento 6 mesi positivo| volume 2.35x la media (partecipazione)| rottura vicino ai massimi (dd 0%, contesto debole)| molti incroci negli ultimi 3 anni (whipsaw);8,230999946594238;64,8;8,155390184591017;True;1,437644701438;4,56484808403399;False;True;81,5;2;vicino ai max · MM200 su · MM50>200 · forza rel.
NDT.MI;Neodecortech;2026-10-02;5,400000095367432;4,207916287183761;5,338400011062622;SOPRA;TREND RIALZISTA (già sopra);28,32955141751401;7,682618707370855;-4,255315191482678;54,0;0,2059847052339881;0,7626331527694934;52,06505786208678;2,8734506459921034;5,330124353928833;17,903934177314284;51,41891964166332;76,179240568164;True;True;355,0;;4;False;struttura settimanale allineata (manca il volume)| conferma settimanale| vicino ai massimi a 12 mesi (contesto debole nella ricerca);MM200 in salita| MM50 sopra MM200| distanza ridotta dalla MM200| RSI in zona costruttiva| rendimento 6 mesi positivo| rottura vicino ai massimi (dd -4%, contesto debole);5,366000056266785;49,2;17,98947551651913;True;0,7776218863650266;4,833971494958744;False;True;93,1;2;vicino ai max · MM200 su · MM50>200 · forza rel.
FF.MI;Fine Foods & Pharma;2026-10-02;6,800000190734863;8,932331840991974;7,935200033187866;SOTTO;TREND RIBASSISTA (sotto);-23,87206037813645;-8,85360910242154;-41,62237232528959;10,0;3,4707382619495712;1,3181929605770109;27,71622065532233;3,5418118355817456;-2,3504256758535624;-24,107141051517466;-16,6536295204629;-25,132579267476384;False;False;;106,0;11;False;★ deep recovery: il filtro con evidenza specifica| storia di whipsaw;volume 3.47x la media (partecipazione)| rottura da deep recovery (dd -42%, filtro con evidenza)| molti incroci negli ultimi 3 anni (whipsaw);7,147000002861023;77,2;-3,317834333764491;False;1,335299903055101;-2,674413169698142;False;False;16,2;1;recovery
UD.MI;Unidata;2026-10-02;3,130000114440918;3,0309187817573546;3,165000014305115;SOPRA;TREND RIALZISTA (già sopra);3,2690197203540716;0,9343909418357368;-9,798268339077943;33,0;0,49193478184508854;0,591580929375721;36,68831412462247;3,387808601245606;1,5302445310215962;5,564931030287523;8,690605828763708;1,6556222418782074;True;True;36,0;;13;False;struttura settimanale allineata (manca il volume)| conferma settimanale| vicino ai massimi a 12 mesi (contesto debole nella ricerca)| storia di whipsaw;MM200 in salita| MM50 sopra MM200| distanza ridotta dalla MM200| rendimento 6 mesi positivo| rottura vicino ai massimi (dd -10%, contesto debole)| molti incroci negli ultimi 3 anni (whipsaw);3,3500000119209288;76,8;2,0848521303026724;True;0,5962863837637813;1,6697625023073703;False;True;44,6;1;vicino ai max · MM200 su · MM50>200
EQUI.MI;Equita Group;2026-10-02;5,820000171661377;5,790447010993957;5,8835999870300295;IN_TRANSIZIONE;IN PROSSIMITÀ (sopra);0,5103778794851133;0,22827160344849648;-6,428294178585947;50,0;0,9303874035242374;1,3125675215871104;44,604010427443036;2,224482778912961;0,4588604331285717;-3,8016530879737;3,718032398498594;9,792670440776362;True;True;;;4;False;struttura settimanale allineata (manca il volume)| zona di indecisione ±1.0%| vicino ai massimi a 12 mesi (contesto debole nella ricerca);MM200 piatta/stabilizzazione| MM50 sopra MM200| prezzo a ridosso della MM200| rendimento 6 mesi positivo| volumi in media/ripresa| rottura vicino ai massimi (dd -6%, contesto debole);5,899999952316284;60,8;2,3910731300145205;True;1,3256122132524595;0,10964591741602359;False;True;57,7;2;vicino ai max · MM200 su · MM50>200 · forza rel.
GF.MI;Generalfinance;2026-10-02;18,899999618530273;24,845639066696165;21,391999969482423;SOTTO;TREND RIBASSISTA (sotto);-23,93031401689967;-8,482282945624094;-38,83495193573976;33,0;1,9744844043455694;1,0682105362653542;28,36244575884338;3,7087197650990853;0,4457098711562857;-35,494880168377875;-28,873750989295864;1,9231809686620194;False;False;;47,0;1;False;★ deep recovery: il filtro con evidenza specifica;MM200 piatta/stabilizzazione| volume 1.97x la media (partecipazione)| rottura da deep recovery (dd -39%, filtro con evidenza);20,855000019073486;74,0;4,118163552797638;False;1,117309711808736;0,2690132861771444;False;False;46,2;2;recovery · MM200 su
DOV.MI;doValue;2026-10-02;1,649999976158142;2,177634997963905;1,8446400094032287;SOTTO;TREND RIBASSISTA (sotto);-24,229727309631933;-6,8750368969761;-44,76406889333256;5,0;0,5886290219855651;0,6505680560473007;43,06989647498642;4,651303120361898;-3,4863661418346625;-29,1845480606848;-19,066900245175578;-44,97583599644632;False;False;;41,0;6;False;★ deep recovery: il filtro con evidenza specifica| storia di whipsaw;rottura da deep recovery (dd -45%, filtro con evidenza)| molti incroci negli ultimi 3 anni (whipsaw);1,6995000064373016;60,8;-8,777502798767035;False;0,6635149348838179;-4,382284639724155;False;False;6,9;1;recovery
AGP.MI;Altea Green Power;2026-10-02;5,650000095367432;7,026400003433228;6,724400005340576;SOTTO;TREND RIBASSISTA (sotto);-19,588977390886686;-8,203973329544112;-32,577565415172096;16,0;1,2278579595353694;1,2982894385506825;22,931481393931193;2,9694221238902214;-0,3453533229502481;-22,602740441864732;-20,64606480083141;-17,87790695659659;False;False;;22,0;19;False;★ deep recovery: il filtro con evidenza specifica| storia di whipsaw;MM200 piatta/stabilizzazione| volumi in media/ripresa| rottura da deep recovery (dd -33%, filtro con evidenza)| molti incroci negli ultimi 3 anni (whipsaw);6,199000000953674;44,800000000000004;1,094916681025282;False;1,3560855727173748;-0,8273229187652165;False;False;22,3;1;recovery
BEC.MI;B&C Speakers;2026-10-02;10,949999809265137;11,919428606033325;11,346000022888184;SOTTO;TREND RIBASSISTA (sotto);-8,133181789246901;-3,9082828734271597;-30,038339081362196;21,0;0,512541912126383;0,4780931712509314;40,54170643310304;2,265248310228511;-2,478821128306574;-2,2321428951560196;-4,019542321145919;-29,18514583185955;False;False;;247,0;14;False;★ deep recovery: il filtro con evidenza specifica| storia di whipsaw;distanza ridotta dalla MM200| volatilità compressa| rottura da deep recovery (dd -30%, filtro con evidenza)| molti incroci negli ultimi 3 anni (whipsaw);11,247499990463258;26,400000000000002;-7,567908092080078;False;0,4688539048992363;-2,572953957498725;False;False;13,1;1;recovery
AEF.MI;Aeffe;2026-10-02;0,13650000095367432;0,19535450018942357;0,15048999905586244;SOTTO;TREND RIBASSISTA (sotto);-30,1270250640152;-7,788391907479041;-64,1732292395347;10,0;0,42267586263395346;2,258639462851928;43,2062434110401;5,536039976919194;-5,015328107961514;-14,95327302370919;-37,67123152519647;-46,04742857189975;False;False;;418,0;10;False;★ deep recovery: il filtro con evidenza specifica| storia di whipsaw;volatilità compressa| volumi in media/ripresa| rottura da deep recovery (dd -64%, filtro con evidenza)| molti incroci negli ultimi 3 anni (whipsaw);0,1402999997138977;25,6;-17,347698692729928;False;2,6103999177227837;-4,1120984990766445;False;False;6,2;1;recovery
ABT.MI;Abitare In;2026-10-02;2,799999952316284;2,822249984741211;2,8149999666213987;IN_TRANSIZIONE;IN PROSSIMITÀ (sotto);-0,7883792203108864;-0,27226198234550447;-8,943092393594565;19,0;0,6671399393667844;0,4258106792668476;49,182082763412616;2,9186742190845103;-0,41285155908333815;1,0830314655719375;0,0;-1,581724985638322;False;False;;;18;False;zona di indecisione ±1.0%| vicino ai massimi a 12 mesi (contesto debole nella ricerca)| storia di whipsaw;MM200 piatta/stabilizzazione| prezzo a ridosso della MM200| RSI in zona costruttiva| rottura vicino ai massimi (dd -9%, contesto debole)| molti incroci negli ultimi 3 anni (whipsaw);2,796499955654144;60,4;-0,3495581811567505;False;0,3386026822636325;-0,33631326173210185;False;False;39,2;-1;vicino ai max
ADB.MI;Aeroporto di Bologna;2026-10-02;9,260000228881836;9,668639178276061;9,692999935150146;SOTTO;TREND RIBASSISTA (sotto);-4,22643705964717;-1,8025587184725398;-19,49362760371799;47,0;0,6175818004200269;0,8371323974770493;42,46422122750441;2,448157423860072;0,3589309382348471;-6,275302412728423;1,268540528633988;4,343939687832621;True;False;;23,0;13;False;storia di whipsaw;MM200 piatta/stabilizzazione| MM50 sopra MM200| prezzo a ridosso della MM200| rendimento 6 mesi positivo| contesto di recovery intermedio (dd -19%)| molti incroci negli ultimi 3 anni (whipsaw);9,458999919891358;43,2;2,807981940890869;False;0,8346914192588393;-0,05518898394913929;False;False;50,0;3;MM200 su · MM50>200 · forza rel.
CAI.MI;Cairo Communication;2026-10-02;2,0999999046325684;2,417683403491974;2,290199990272522;SOTTO;TREND RIBASSISTA (sotto);-13,139995848942021;-6,988450411357207;-22,498879459000865;34,0;1,4749728022593573;0,9381878072327539;27,307436989525087;2,164683936568547;-1,2301068239996327;-17,322837158606173;-14,909315245136046;-20,4521887023449;False;False;;57,0;5;False;★ deep recovery: il filtro con evidenza specifica;distanza ridotta dalla MM200| rottura da deep recovery (dd -22%, filtro con evidenza);2,224249982833862;53,6;-3,2822771205370582;False;0,9060692728770956;-1,260799419791725;False;False;20,0;1;recovery
COM.MI;Comer Industries;2026-10-02;44,70000076293945;47,03172777175903;47,157999954223634;SOTTO;TREND RIBASSISTA (sotto);-4,957774505192003;-1,7867379366659815;-18,892345291122247;76,0;0,10174484117199452;0,3290563645837384;36,93593435468815;2,9195056099342485;1,4083087819523277;-2,614380660233484;9,976483025534733;25,470394710425225;True;False;;6,0;5;False;;MM200 in salita| MM50 sopra MM200| prezzo a ridosso della MM200| rendimento 6 mesi positivo| volatilità compressa| contesto di recovery intermedio (dd -19%);46,96500015258789;25,6;6,58261694299771;True;0,32575892602737067;0,6614100293448999;False;False;73,1;3;MM200 su · MM50>200 · forza rel.
PHIL.MI;Philogen;2026-10-02;22,200000762939453;22,232315864562988;23,33499996185303;IN_TRANSIZIONE;IN PROSSIMITÀ (sotto);-0,14535193643521183;-0,053512734565117154;-13,95348287045628;49,0;0,6717663494189606;0,8398670264813383;38,5655810736386;2,720165900830121;0,127524688864189;-9,75609585899887;11,769972223622638;-3,3213332180418553;True;True;;;8;False;struttura settimanale allineata (manca il volume)| zona di indecisione ±1.0%| vicino ai massimi a 12 mesi (contesto debole nella ricerca)| storia di whipsaw;MM200 piatta/stabilizzazione| MM50 sopra MM200| prezzo a ridosso della MM200| rendimento 6 mesi positivo| volatilità compressa| contesto di recovery intermedio (dd -14%)| molti incroci negli ultimi 3 anni (whipsaw);22,960000038146973;39,6;0,793245534886089;True;0,8164997505078048;0,09648504020931536;False;True;36,9;1;vicino ai max · MM200 su · MM50>200
